{"stats":{"minecraft:killed":{"minecraft:sheep":5,"minecraft:zombie":3,"minecraft:pig":12,"minecraft:chicken":3,"minecraft:spider":1},"minecraft:mined":{"minecraft:furnace":2,"minecraft:crafting_table":2,"minecraft:grass":3,"minecraft:oak_log":15,"minecraft:grass_block":1,"minecraft:coal_ore":27,"minecraft:dirt":3,"minecraft:stone":88},"minecraft:crafted":{"minecraft:oak_planks":15,"minecraft:cooked_porkchop":19,"minecraft:crafting_table":1,"minecraft:stick":2,"minecraft:cooked_chicken":3,"minecraft:wooden_pickaxe":1,"minecraft:stone_pickaxe":2,"minecraft:stone_sword":1,"minecraft:furnace":2,"minecraft:stone_axe":1,"minecraft:cooked_mutton":7,"minecraft:air":75},"minecraft:used":{"minecraft:cooked_mutton":2,"minecraft:stone_sword":67,"minecraft:stone_pickaxe":114,"minecraft:wooden_pickaxe":3,"minecraft:cooked_chicken":1,"minecraft:stone_axe":2,"minecraft:dirt":4,"minecraft:cobblestone":9,"minecraft:crafting_table":2,"minecraft:furnace":2},"minecraft:custom":{"minecraft:time_since_rest":15342,"minecraft:interact_with_furnace":17,"minecraft:sprint_one_cm":16624,"minecraft:damage_taken":345,"minecraft:walk_one_cm":39972,"minecraft:mob_kills":24,"minecraft:drop":17,"minecraft:damage_dealt":2848,"minecraft:interact_with_crafting_table":6,"minecraft:fly_one_cm":24381,"minecraft:crouch_one_cm":317,"minecraft:play_time":15342,"tombstone:undead_killed":3,"minecraft:sneak_time":171,"minecraft:jump":209,"minecraft:damage_dealt_resisted":0,"minecraft:time_since_death":15342,"minecraft:total_world_time":15342,"minecraft:fall_one_cm":4302},"minecraft:picked_up":{"minecraft:stick":4,"minecraft:crafting_table":1,"apotheosis:gem":1,"minecraft:feather":2,"minecraft:chicken":3,"minecraft:wooden_pickaxe":2,"minecraft:porkchop":19,"minecraft:oak_log":15,"tombstone:grave_dust":1,"silentgear:sinew":3,"minecraft:dirt":4,"bhc:red_heart":2,"minecraft:arrow":1,"minecraft:rotten_flesh":4,"minecraft:apple":3,"minecraft:bow":2,"mysticalagriculture:inferium_essence":1,"minecraft:stone_pickaxe":1,"minecraft:oak_sapling":18,"minecraft:black_wool":1,"minecraft:mutton":7,"minecraft:coal":49,"minecraft:white_wool":4,"minecraft:cobblestone":88,"minecraft:furnace":2},"minecraft:dropped":{"minecraft:oak_sapling":18,"minecraft:feather":1,"minecraft:rotten_flesh":4,"minecraft:bow":1,"minecraft:stone_pickaxe":2,"minecraft:wooden_pickaxe":3,"silentgear:sinew":3}},"DataVersion":3465}