{"stats":{"minecraft:killed":{"minecraft:pig":13,"minecraft:zombie_villager":1,"minecraft:spider":2,"minecraft:sheep":5,"minecraft:zombie":3,"minecraft:chicken":3,"minecraft:stray":1},"minecraft:killed_by":{"minecraft:enderman":1},"minecraft:mined":{"minecraft:powder_snow":28,"functionalstorage:oak_1":1,"minecraft:crafting_table":2,"minecraft:grass_block":1,"minecraft:chest":1,"minecraft:cobblestone":14,"minecraft:oak_planks":1,"productivebees:advanced_oak_beehive":1,"minecraft:furnace":2,"minecraft:iron_ore":3,"minecraft:black_bed":1,"minecraft:grass":4,"minecraft:coal_ore":31,"minecraft:oak_log":20,"minecraft:cyan_carpet":8,"minecraft:dirt":3,"minecraft:stone":88,"immersiveengineering:crate":9,"immersiveengineering:treated_wood_vertical":3},"minecraft:crafted":{"minecraft:oak_planks":20,"minecraft:cooked_porkchop":19,"minecraft:crafting_table":2,"minecraft:wooden_pickaxe":1,"minecraft:cooked_chicken":3,"minecraft:furnace":2,"crafting_on_a_stick:crafting_table":1,"minecraft:stone_axe":1,"minecraft:cooked_mutton":7,"minecraft:air":95,"minecraft:stick":2,"minecraft:stone_pickaxe":2,"minecraft:stone_sword":1,"minecraft:chest":1,"functionalstorage:oak_1":1},"minecraft:custom":{"lootr:looted_stat":3,"minecraft:interact_with_furnace":17,"minecraft:mob_kills":28,"minecraft:interact_with_crafting_table":6,"minecraft:damage_dealt_resisted":0,"minecraft:time_since_death":59737,"minecraft:time_since_rest":59030,"minecraft:sprint_one_cm":81273,"minecraft:damage_taken":1123,"minecraft:walk_one_cm":104723,"minecraft:drop":59,"minecraft:damage_dealt":3825,"minecraft:swim_one_cm":3204,"minecraft:talked_to_villager":5,"minecraft:fly_one_cm":140555,"minecraft:open_chest":1,"minecraft:crouch_one_cm":2311,"minecraft:play_time":75342,"tombstone:undead_killed":5,"minecraft:deaths":1,"minecraft:sneak_time":685,"minecraft:walk_under_water_one_cm":338,"minecraft:jump":810,"minecraft:walk_on_water_one_cm":98,"minecraft:total_world_time":75342,"minecraft:fall_one_cm":20872},"minecraft:used":{"minecraft:cooked_mutton":7,"minecraft:stone_sword":74,"minecraft:stone_pickaxe":135,"minecraft:oak_planks":1,"minecraft:chest":1,"minecraft:wooden_pickaxe":3,"minecraft:iron_sword":11,"immersiveengineering:treated_wood_vertical":2,"minecraft:cooked_chicken":1,"minecraft:dirt":4,"minecraft:crafting_table":2,"easy_villagers:villager":3,"minecraft:stone_axe":19,"productivebees:advanced_oak_beehive":1,"minecraft:cobblestone":58,"minecraft:furnace":2,"functionalstorage:oak_1":1,"immersiveengineering:crate":9,"minecraft:cooked_beef":1},"minecraft:picked_up":{"functionalstorage:oak_1":1,"minecraft:crafting_table":1,"minecraft:feather":3,"minecraft:chicken":3,"croptopia:peach":6,"minecraft:black_bed":1,"minecraft:wooden_pickaxe":2,"minecraft:oak_log":20,"minecraft:string":1,"minecraft:dirt":4,"immersiveengineering:treated_wood_vertical":3,"silentgear:sinew":3,"productivebees:advanced_oak_beehive":1,"bhc:red_heart":2,"immersiveengineering:nugget_lead":3,"minecraft:cyan_carpet":11,"minecraft:apple":3,"minecraft:bow":3,"mysticalagriculture:inferium_essence":2,"minecraft:stone_pickaxe":1,"immersiveengineering:crate":9,"immersiveengineering:nugget_silver":1,"minecraft:chest":1,"minecraft:oak_planks":38,"immersiveengineering:blueprint":1,"minecraft:furnace":2,"minecraft:book":3,"immersiveengineering:hemp_fabric":4,"minecraft:stick":6,"minecraft:raw_iron":3,"apotheosis:gem":4,"minecraft:porkchop":20,"thermal:blizz_rod":2,"tombstone:grave_dust":4,"minecraft:spider_eye":1,"minecraft:stone_sword":1,"minecraft:bundle":1,"minecraft:tnt":1,"minecraft:arrow":2,"silentgear:leather_scrap":1,"minecraft:rotten_flesh":6,"immersiveengineering:component_iron":3,"minecraft:stone_axe":1,"minecraft:oak_sapling":21,"minecraft:black_wool":3,"minecraft:mutton":7,"minecraft:coal":53,"minecraft:white_wool":4,"minecraft:cobblestone":102},"minecraft:dropped":{"minecraft:stone_axe":1,"minecraft:porkchop":1,"immersiveengineering:stick_treated":3,"immersiveengineering:component_iron":6,"minecraft:stone_sword":1,"minecraft:tnt":1,"thermal:blizz_rod":2,"minecraft:feather":3,"minecraft:rotten_flesh":6,"silentgear:sinew":3,"minecraft:stick":4,"mysticalagriculture:inferium_essence":2,"silentgear:leather_scrap":1,"tombstone:grave_dust":4,"minecraft:oak_sapling":21,"easy_villagers:villager":1,"minecraft:arrow":1,"minecraft:bow":3,"minecraft:wooden_pickaxe":3,"minecraft:stone_pickaxe":2,"immersiveengineering:hemp_fabric":8,"minecraft:cyan_carpet":2,"minecraft:black_wool":3}},"DataVersion":3465}