{"stats":{"minecraft:killed":{"minecraft:pig":13,"minecraft:zombie_villager":1,"minecraft:spider":2,"minecraft:sheep":5,"minecraft:zombie":3,"minecraft:chicken":3},"minecraft:killed_by":{"minecraft:enderman":1},"minecraft:mined":{"minecraft:powder_snow":27,"functionalstorage:oak_1":1,"minecraft:crafting_table":2,"minecraft:grass_block":1,"minecraft:chest":1,"minecraft:cobblestone":2,"minecraft:oak_planks":1,"productivebees:advanced_oak_beehive":1,"minecraft:furnace":2,"minecraft:black_bed":1,"minecraft:grass":3,"minecraft:coal_ore":27,"minecraft:oak_log":15,"minecraft:dirt":3,"minecraft:stone":88,"immersiveengineering:crate":6,"immersiveengineering:treated_wood_vertical":3},"minecraft:crafted":{"minecraft:oak_planks":15,"minecraft:cooked_porkchop":19,"minecraft:crafting_table":2,"minecraft:wooden_pickaxe":1,"minecraft:cooked_chicken":3,"minecraft:furnace":2,"crafting_on_a_stick:crafting_table":1,"minecraft:stone_axe":1,"minecraft:cooked_mutton":7,"minecraft:air":75,"minecraft:stick":2,"minecraft:stone_pickaxe":2,"minecraft:stone_sword":1,"minecraft:chest":1,"functionalstorage:oak_1":1},"minecraft:custom":{"lootr:looted_stat":2,"minecraft:interact_with_furnace":17,"minecraft:mob_kills":27,"minecraft:interact_with_crafting_table":6,"minecraft:damage_dealt_resisted":0,"minecraft:time_since_death":47737,"minecraft:time_since_rest":47030,"minecraft:sprint_one_cm":57079,"minecraft:damage_taken":900,"minecraft:walk_one_cm":77042,"minecraft:drop":20,"minecraft:damage_dealt":3358,"minecraft:talked_to_villager":5,"minecraft:fly_one_cm":97386,"minecraft:open_chest":1,"minecraft:crouch_one_cm":2121,"minecraft:play_time":63342,"tombstone:undead_killed":4,"minecraft:deaths":1,"minecraft:sneak_time":584,"minecraft:jump":597,"minecraft:walk_on_water_one_cm":32,"minecraft:total_world_time":63342,"minecraft:fall_one_cm":14420},"minecraft:used":{"minecraft:cooked_mutton":5,"minecraft:stone_sword":74,"minecraft:stone_pickaxe":116,"minecraft:oak_planks":1,"minecraft:chest":1,"minecraft:wooden_pickaxe":3,"minecraft:iron_sword":5,"immersiveengineering:treated_wood_vertical":2,"minecraft:cooked_chicken":1,"minecraft:dirt":4,"minecraft:crafting_table":2,"easy_villagers:villager":3,"minecraft:stone_axe":15,"productivebees:advanced_oak_beehive":1,"minecraft:cobblestone":54,"minecraft:furnace":2,"functionalstorage:oak_1":1,"immersiveengineering:crate":5},"minecraft:picked_up":{"functionalstorage:oak_1":1,"minecraft:crafting_table":1,"minecraft:feather":2,"minecraft:chicken":3,"minecraft:black_bed":1,"minecraft:wooden_pickaxe":2,"minecraft:oak_log":15,"minecraft:string":1,"minecraft:dirt":4,"immersiveengineering:treated_wood_vertical":3,"silentgear:sinew":3,"productivebees:advanced_oak_beehive":1,"bhc:red_heart":2,"immersiveengineering:nugget_lead":3,"minecraft:apple":3,"minecraft:bow":2,"mysticalagriculture:inferium_essence":1,"minecraft:stone_pickaxe":1,"immersiveengineering:crate":6,"immersiveengineering:nugget_silver":1,"minecraft:chest":1,"minecraft:oak_planks":38,"immersiveengineering:blueprint":1,"minecraft:furnace":2,"minecraft:stick":4,"apotheosis:gem":1,"minecraft:porkchop":20,"thermal:blizz_rod":1,"tombstone:grave_dust":2,"minecraft:spider_eye":1,"minecraft:arrow":1,"silentgear:leather_scrap":1,"minecraft:rotten_flesh":5,"minecraft:stone_axe":1,"minecraft:oak_sapling":18,"minecraft:black_wool":1,"minecraft:mutton":7,"minecraft:coal":49,"minecraft:white_wool":4,"minecraft:cobblestone":90},"minecraft:dropped":{"minecraft:stone_axe":1,"minecraft:porkchop":1,"minecraft:feather":1,"minecraft:rotten_flesh":4,"silentgear:sinew":3,"minecraft:oak_sapling":18,"easy_villagers:villager":1,"minecraft:bow":1,"minecraft:wooden_pickaxe":3,"minecraft:stone_pickaxe":2}},"DataVersion":3465}