{"stats":{"minecraft:mined":{"minecraft:grass_block":1,"minecraft:oak_log":15,"minecraft:dirt":3,"minecraft:stone":10},"minecraft:used":{"minecraft:crafting_table":1,"minecraft:stone_pickaxe":7,"minecraft:wooden_pickaxe":3},"minecraft:crafted":{"minecraft:oak_planks":15,"minecraft:crafting_table":1,"minecraft:stick":2,"minecraft:stone_pickaxe":1,"minecraft:wooden_pickaxe":1,"minecraft:air":71},"minecraft:custom":{"minecraft:time_since_rest":3342,"minecraft:crouch_one_cm":91,"minecraft:play_time":3342,"minecraft:sprint_one_cm":1400,"minecraft:walk_one_cm":5842,"minecraft:sneak_time":122,"minecraft:drop":2,"minecraft:jump":22,"minecraft:time_since_death":3342,"minecraft:total_world_time":3342,"minecraft:fall_one_cm":209,"minecraft:interact_with_crafting_table":2,"minecraft:fly_one_cm":2411},"minecraft:picked_up":{"minecraft:stick":4,"minecraft:apple":2,"minecraft:oak_log":15,"minecraft:oak_sapling":17,"minecraft:dirt":4,"minecraft:cobblestone":10},"minecraft:dropped":{"minecraft:oak_sapling":17}},"DataVersion":3465}