{"stats":{"minecraft:killed":{"minecraft:spider":2,"minecraft:chicken":3,"minecraft:pig":13,"minecraft:zombie_villager":1,"minecraft:sheep":5,"minecraft:zombie":4,"minecraft:stray":1},"minecraft:killed_by":{"minecraft:enderman":1},"minecraft:mined":{"functionalstorage:oak_1":1,"minecraft:grass_block":1,"minecraft:spruce_fence":1,"productivebees:advanced_oak_beehive":1,"minecraft:furnace":4,"minecraft:iron_ore":26,"minecraft:stripped_spruce_log":1,"minecraft:bookshelf":2,"minecraft:stone":88,"minecraft:spruce_slab":2,"immersiveengineering:treated_wood_vertical":3,"minecraft:light_gray_carpet":3,"minecraft:powder_snow":42,"minecraft:crafting_table":2,"minecraft:torch":2,"minecraft:chest":1,"minecraft:cobblestone":14,"minecraft:oak_planks":1,"minecraft:wall_torch":6,"minecraft:ice":1,"minecraft:white_carpet":9,"minecraft:black_bed":1,"croptopia:chile_pepper_crop":1,"minecraft:grass":4,"minecraft:oak_log":26,"minecraft:coal_ore":31,"minecraft:dirt":3,"minecraft:cyan_carpet":12,"immersiveengineering:crate":20},"minecraft:crafted":{"minecraft:oak_planks":26,"minecraft:cooked_chicken":3,"minecraft:furnace":2,"minecraft:cooked_mutton":7,"minecraft:stone_pickaxe":2,"minecraft:chest":1,"functionalstorage:oak_1":1,"minecraft:cooked_porkchop":19,"minecraft:crafting_table":2,"minecraft:spruce_planks":4,"minecraft:wooden_pickaxe":1,"crafting_on_a_stick:crafting_table":1,"minecraft:stone_axe":1,"minecraft:air":120,"minecraft:oak_boat":1,"minecraft:iron_chestplate":1,"minecraft:stick":2,"minecraft:iron_ingot":31,"minecraft:stone_sword":1},"minecraft:used":{"minecraft:stone_sword":74,"minecraft:spruce_slab":2,"minecraft:chest":1,"minecraft:iron_sword":14,"immersiveengineering:treated_wood_vertical":2,"minecraft:cooked_chicken":1,"minecraft:iron_chestplate":1,"minecraft:torch":7,"minecraft:dirt":4,"minecraft:spruce_fence":1,"minecraft:iron_axe":5,"croptopia:peach":3,"minecraft:sweet_berries":3,"minecraft:furnace":4,"immersiveengineering:crate":19,"minecraft:cooked_beef":1,"minecraft:cooked_mutton":7,"minecraft:water_bucket":3,"minecraft:stone_pickaxe":158,"minecraft:oak_planks":1,"minecraft:wooden_pickaxe":3,"farmersdelight:onion":5,"minecraft:crafting_table":2,"easy_villagers:villager":3,"minecraft:bread":1,"minecraft:iron_pickaxe":2,"minecraft:cyan_carpet":4,"minecraft:stone_axe":38,"productivebees:advanced_oak_beehive":1,"minecraft:cobblestone":93,"minecraft:chainmail_boots":1,"functionalstorage:oak_1":1,"minecraft:cooked_porkchop":4,"minecraft:bucket":4,"minecraft:oak_boat":1},"minecraft:custom":{"lootr:looted_stat":13,"minecraft:mob_kills":29,"minecraft:interact_with_crafting_table":6,"minecraft:damage_dealt_resisted":0,"minecraft:time_since_death":95737,"minecraft:damage_resisted":0,"minecraft:sprint_one_cm":165422,"minecraft:walk_one_cm":166258,"minecraft:drop":66,"minecraft:talked_to_villager":6,"minecraft:play_time":111342,"minecraft:deaths":1,"minecraft:sneak_time":798,"minecraft:walk_under_water_one_cm":1812,"minecraft:jump":1741,"minecraft:interact_with_brewingstand":1,"minecraft:walk_on_water_one_cm":904,"minecraft:total_world_time":111342,"minecraft:interact_with_furnace":36,"minecraft:time_since_rest":95030,"minecraft:damage_taken":1442,"minecraft:damage_dealt":4013,"minecraft:fly_one_cm":403858,"minecraft:swim_one_cm":9653,"minecraft:open_chest":2,"minecraft:crouch_one_cm":2619,"tombstone:undead_killed":6,"minecraft:fall_one_cm":49178},"minecraft:picked_up":{"functionalstorage:oak_1":1,"minecraft:iron_chestplate":1,"minecraft:crafting_table":1,"minecraft:chicken":3,"croptopia:peach":6,"minecraft:wooden_pickaxe":2,"immersiveengineering:treated_wood_vertical":3,"silentgear:sinew":3,"minecraft:string":1,"minecraft:white_carpet":9,"immersiveengineering:nugget_lead":3,"minecraft:cyan_carpet":16,"mysticalagriculture:inferium_essence":2,"immersiveengineering:crate":20,"minecraft:oak_boat":1,"minecraft:spruce_slab":2,"minecraft:chest":1,"minecraft:furnace":4,"immersiveengineering:hemp_fabric":4,"minecraft:stick":6,"minecraft:raw_iron":26,"apotheosis:gem":4,"minecraft:torch":8,"minecraft:spruce_fence":1,"minecraft:porkchop":20,"tombstone:grave_dust":4,"minecraft:tnt":1,"minecraft:stone_sword":1,"minecraft:arrow":2,"silentgear:leather_scrap":1,"minecraft:rotten_flesh":6,"immersiveengineering:component_iron":3,"minecraft:mutton":7,"minecraft:cobblestone":102,"minecraft:white_wool":4,"minecraft:feather":3,"minecraft:black_bed":1,"minecraft:oak_log":26,"minecraft:dirt":4,"productivebees:advanced_oak_beehive":1,"bhc:red_heart":2,"minecraft:apple":3,"minecraft:bow":3,"minecraft:stone_pickaxe":1,"immersiveengineering:nugget_silver":1,"minecraft:oak_planks":38,"immersiveengineering:blueprint":1,"minecraft:book":6,"minecraft:stripped_spruce_log":1,"thermal:blizz_rod":2,"minecraft:spider_eye":1,"minecraft:bundle":1,"minecraft:stone_axe":1,"minecraft:oak_sapling":21,"minecraft:light_gray_carpet":3,"minecraft:black_wool":3,"minecraft:coal":53},"minecraft:dropped":{"minecraft:porkchop":1,"immersiveengineering:component_iron":6,"minecraft:tnt":1,"immersiveengineering:blueprint":1,"minecraft:iron_helmet":1,"minecraft:feather":3,"silentgear:sinew":3,"minecraft:stick":4,"tombstone:grave_dust":4,"minecraft:cyan_carpet":2,"immersiveengineering:hemp_fabric":8,"minecraft:stone_axe":1,"immersiveengineering:stick_treated":3,"minecraft:stone_sword":1,"thermal:blizz_rod":2,"minecraft:white_carpet":9,"minecraft:rotten_flesh":6,"minecraft:light_gray_carpet":3,"minecraft:iron_chestplate":1,"mysticalagriculture:inferium_essence":2,"apotheosis:gem":1,"minecraft:oak_sapling":21,"easy_villagers:villager":1,"silentgear:leather_scrap":1,"minecraft:bow":3,"croptopia:peach":3,"minecraft:arrow":1,"minecraft:stone_pickaxe":2,"minecraft:wooden_pickaxe":3,"minecraft:black_wool":3}},"DataVersion":3465}