{"stats":{"minecraft:killed":{"minecraft:spider":5,"minecraft:chicken":3,"minecraft:pig":13,"minecraft:zombie_villager":1,"minecraft:sheep":5,"minecraft:pillager":1,"minecraft:zombie":4,"ars_nouveau:whirlisprig":1,"minecraft:stray":1,"minecraft:cow":4},"minecraft:killed_by":{"minecraft:enderman":1},"minecraft:mined":{"functionalstorage:oak_1":1,"minecraft:grass_block":1,"minecraft:spruce_fence":1,"productivebees:advanced_oak_beehive":1,"biomesoplenty:tundra_shrub":1,"minecraft:furnace":4,"minecraft:iron_ore":26,"minecraft:stripped_spruce_log":1,"minecraft:bookshelf":5,"minecraft:iron_bars":2,"minecraft:stone":88,"minecraft:spruce_slab":4,"immersiveengineering:treated_wood_vertical":3,"minecraft:light_gray_carpet":3,"minecraft:powder_snow":47,"minecraft:crafting_table":2,"minecraft:torch":2,"minecraft:chest":1,"minecraft:cobblestone":14,"minecraft:oak_planks":1,"minecraft:wall_torch":6,"minecraft:ice":1,"minecraft:white_carpet":9,"minecraft:tnt":1,"minecraft:black_bed":1,"croptopia:chile_pepper_crop":1,"minecraft:grass":4,"minecraft:oak_log":26,"minecraft:coal_ore":31,"minecraft:dirt":3,"minecraft:cyan_carpet":12,"minecraft:oak_leaves":5,"immersiveengineering:crate":27,"minecraft:fern":1},"minecraft:crafted":{"minecraft:oak_planks":26,"minecraft:cooked_chicken":3,"minecraft:furnace":2,"minecraft:cooked_mutton":7,"minecraft:stone_pickaxe":2,"minecraft:chest":2,"functionalstorage:oak_1":1,"sophisticatedbackpacks:backpack":1,"minecraft:cooked_porkchop":19,"minecraft:crafting_table":2,"minecraft:spruce_planks":4,"minecraft:wooden_pickaxe":1,"crafting_on_a_stick:crafting_table":1,"minecraft:stone_axe":1,"minecraft:air":120,"minecraft:oak_boat":1,"minecraft:iron_chestplate":1,"minecraft:stick":2,"minecraft:iron_ingot":31,"minecraft:stone_sword":1},"minecraft:used":{"minecraft:iron_bars":2,"minecraft:stone_sword":74,"minecraft:spruce_slab":3,"minecraft:chest":1,"minecraft:shield":8,"minecraft:iron_sword":14,"immersiveengineering:treated_wood_vertical":2,"minecraft:cooked_chicken":1,"minecraft:iron_chestplate":1,"minecraft:torch":7,"minecraft:dirt":4,"minecraft:spruce_fence":1,"minecraft:iron_axe":17,"croptopia:peach":3,"minecraft:sweet_berries":3,"minecraft:furnace":4,"immersiveengineering:crate":26,"minecraft:cooked_beef":1,"minecraft:cooked_mutton":7,"minecraft:water_bucket":6,"minecraft:stone_pickaxe":158,"minecraft:oak_planks":1,"minecraft:wooden_pickaxe":3,"farmersdelight:onion":5,"minecraft:crafting_table":2,"enderio:dark_steel_sword":15,"easy_villagers:villager":3,"minecraft:bread":10,"minecraft:iron_pickaxe":4,"minecraft:cyan_carpet":4,"minecraft:stone_axe":38,"productivebees:advanced_oak_beehive":1,"minecraft:cobblestone":102,"minecraft:chainmail_boots":1,"functionalstorage:oak_1":1,"minecraft:cooked_porkchop":4,"minecraft:bucket":7,"minecraft:oak_boat":1,"minecraft:experience_bottle":1},"minecraft:custom":{"lootr:looted_stat":18,"minecraft:mob_kills":38,"minecraft:interact_with_crafting_table":7,"minecraft:damage_dealt_resisted":0,"minecraft:time_since_death":119737,"minecraft:damage_resisted":0,"minecraft:sprint_one_cm":231807,"minecraft:walk_one_cm":207170,"minecraft:damage_blocked_by_shield":120,"minecraft:drop":76,"minecraft:talked_to_villager":6,"minecraft:play_time":135342,"minecraft:deaths":1,"minecraft:sneak_time":953,"minecraft:walk_under_water_one_cm":1812,"minecraft:jump":2324,"minecraft:interact_with_brewingstand":1,"minecraft:walk_on_water_one_cm":1808,"minecraft:total_world_time":135342,"minecraft:interact_with_furnace":36,"tombstone:raider_killed":1,"minecraft:time_since_rest":119030,"minecraft:damage_taken":1733,"minecraft:damage_dealt":4953,"minecraft:fly_one_cm":572851,"minecraft:swim_one_cm":9653,"minecraft:open_chest":2,"minecraft:crouch_one_cm":2783,"tombstone:undead_killed":6,"minecraft:fall_one_cm":56149},"minecraft:picked_up":{"functionalstorage:oak_1":1,"minecraft:iron_chestplate":2,"minecraft:crafting_table":1,"minecraft:chicken":3,"croptopia:peach":6,"minecraft:wooden_pickaxe":2,"immersiveengineering:treated_wood_vertical":3,"silentgear:sinew":3,"minecraft:string":5,"minecraft:white_carpet":9,"immersiveengineering:nugget_lead":3,"minecraft:cyan_carpet":17,"mysticalagriculture:inferium_essence":2,"immersiveengineering:crate":27,"minecraft:oak_boat":1,"minecraft:spruce_slab":3,"minecraft:chest":1,"minecraft:spruce_trapdoor":4,"minecraft:furnace":4,"immersiveengineering:hemp_fabric":4,"minecraft:stick":6,"minecraft:raw_iron":26,"apotheosis:gem":4,"minecraft:torch":8,"minecraft:spruce_fence":1,"minecraft:porkchop":20,"tombstone:grave_dust":4,"crafting_on_a_stick:crafting_table":1,"minecraft:tnt":2,"minecraft:stone_sword":1,"minecraft:arrow":2,"silentgear:leather_scrap":1,"minecraft:rotten_flesh":6,"immersiveengineering:component_iron":3,"minecraft:mutton":7,"minecraft:iron_bars":2,"minecraft:cobblestone":102,"minecraft:white_wool":4,"minecraft:feather":3,"minecraft:black_bed":1,"minecraft:leather":5,"minecraft:oak_log":26,"minecraft:dirt":4,"productivebees:advanced_oak_beehive":1,"bhc:red_heart":2,"minecraft:apple":3,"minecraft:bow":3,"minecraft:stone_pickaxe":1,"immersiveengineering:nugget_silver":1,"minecraft:oak_planks":38,"immersiveengineering:blueprint":1,"minecraft:book":9,"minecraft:stripped_spruce_log":1,"thermal:blizz_rod":2,"minecraft:spider_eye":1,"minecraft:bundle":1,"minecraft:stone_axe":1,"minecraft:oak_sapling":21,"minecraft:light_gray_carpet":3,"minecraft:black_wool":3,"minecraft:coal":53},"minecraft:dropped":{"minecraft:porkchop":1,"immersiveengineering:component_iron":6,"minecraft:tnt":2,"immersiveengineering:blueprint":1,"minecraft:iron_helmet":1,"minecraft:feather":3,"minecraft:book":3,"minecraft:black_bed":1,"silentgear:sinew":3,"minecraft:stick":4,"tombstone:grave_dust":4,"minecraft:cyan_carpet":2,"immersiveengineering:hemp_fabric":8,"minecraft:stone_axe":1,"immersiveengineering:stick_treated":3,"minecraft:stone_sword":1,"thermal:blizz_rod":2,"minecraft:white_carpet":9,"minecraft:rotten_flesh":6,"minecraft:light_gray_carpet":3,"minecraft:spruce_trapdoor":4,"minecraft:iron_chestplate":4,"mysticalagriculture:inferium_essence":2,"minecraft:oak_boat":1,"apotheosis:gem":1,"minecraft:oak_sapling":21,"easy_villagers:villager":1,"silentgear:leather_scrap":1,"minecraft:bow":3,"croptopia:peach":3,"minecraft:arrow":1,"minecraft:stone_pickaxe":2,"minecraft:wooden_pickaxe":3,"minecraft:black_wool":3}},"DataVersion":3465}