{"stats":{"minecraft:killed":{"minecraft:pig":13,"minecraft:zombie_villager":1,"minecraft:spider":1,"minecraft:sheep":5,"minecraft:zombie":3,"minecraft:chicken":3},"minecraft:killed_by":{"minecraft:enderman":1},"minecraft:mined":{"functionalstorage:oak_1":1,"minecraft:crafting_table":2,"minecraft:grass_block":1,"minecraft:chest":1,"minecraft:oak_planks":1,"minecraft:furnace":2,"minecraft:grass":3,"minecraft:coal_ore":27,"minecraft:oak_log":15,"minecraft:dirt":3,"minecraft:stone":88,"immersiveengineering:crate":5,"immersiveengineering:treated_wood_vertical":3},"minecraft:crafted":{"minecraft:oak_planks":15,"minecraft:cooked_porkchop":19,"minecraft:crafting_table":2,"minecraft:wooden_pickaxe":1,"minecraft:cooked_chicken":3,"minecraft:furnace":2,"crafting_on_a_stick:crafting_table":1,"minecraft:stone_axe":1,"minecraft:cooked_mutton":7,"minecraft:air":75,"minecraft:stick":2,"minecraft:stone_pickaxe":2,"minecraft:stone_sword":1,"minecraft:chest":1,"functionalstorage:oak_1":1},"minecraft:custom":{"minecraft:interact_with_furnace":17,"minecraft:mob_kills":26,"minecraft:interact_with_crafting_table":6,"minecraft:damage_dealt_resisted":0,"minecraft:time_since_death":35737,"minecraft:time_since_rest":35030,"minecraft:sprint_one_cm":29679,"minecraft:damage_taken":570,"minecraft:walk_one_cm":51203,"minecraft:drop":18,"minecraft:damage_dealt":3158,"minecraft:talked_to_villager":5,"minecraft:fly_one_cm":49922,"minecraft:open_chest":1,"minecraft:crouch_one_cm":317,"minecraft:play_time":51342,"tombstone:undead_killed":4,"minecraft:deaths":1,"minecraft:sneak_time":178,"minecraft:jump":345,"minecraft:total_world_time":51342,"minecraft:fall_one_cm":6032},"minecraft:used":{"minecraft:cooked_mutton":2,"minecraft:stone_sword":74,"minecraft:stone_pickaxe":114,"minecraft:oak_planks":1,"minecraft:chest":1,"minecraft:wooden_pickaxe":3,"immersiveengineering:treated_wood_vertical":2,"minecraft:cooked_chicken":1,"minecraft:dirt":4,"minecraft:crafting_table":2,"minecraft:stone_axe":13,"minecraft:cobblestone":9,"minecraft:furnace":2,"functionalstorage:oak_1":1,"immersiveengineering:crate":4},"minecraft:picked_up":{"functionalstorage:oak_1":1,"minecraft:crafting_table":1,"minecraft:feather":2,"minecraft:chicken":3,"minecraft:wooden_pickaxe":2,"minecraft:oak_log":15,"minecraft:dirt":4,"immersiveengineering:treated_wood_vertical":3,"silentgear:sinew":3,"bhc:red_heart":2,"immersiveengineering:nugget_lead":3,"minecraft:apple":3,"minecraft:bow":2,"mysticalagriculture:inferium_essence":1,"minecraft:stone_pickaxe":1,"immersiveengineering:crate":5,"immersiveengineering:nugget_silver":1,"minecraft:chest":1,"minecraft:oak_planks":38,"immersiveengineering:blueprint":1,"minecraft:furnace":2,"minecraft:stick":4,"apotheosis:gem":1,"minecraft:porkchop":20,"tombstone:grave_dust":2,"minecraft:arrow":1,"silentgear:leather_scrap":1,"minecraft:rotten_flesh":5,"minecraft:oak_sapling":18,"minecraft:black_wool":1,"minecraft:mutton":7,"minecraft:coal":49,"minecraft:white_wool":4,"minecraft:cobblestone":88},"minecraft:dropped":{"minecraft:porkchop":1,"minecraft:feather":1,"minecraft:rotten_flesh":4,"silentgear:sinew":3,"minecraft:oak_sapling":18,"minecraft:bow":1,"minecraft:wooden_pickaxe":3,"minecraft:stone_pickaxe":2}},"DataVersion":3465}