{"stats":{"minecraft:killed":{"minecraft:pillager":2,"minecraft:zombie":2},"minecraft:killed_by":{"minecraft:zombie":1},"minecraft:mined":{"ars_nouveau:blue_archwood_log":58,"minecraft:spruce_log":2,"minecraft:black_bed":1,"minecraft:crafting_table":3,"minecraft:grass":6,"minecraft:grass_block":1,"croptopia:apple_crop":1,"minecraft:lantern":3,"minecraft:dirt":3,"minecraft:oak_leaves":1,"minecraft:fern":1},"minecraft:broken":{"minecraft:wooden_axe":1},"minecraft:crafted":{"minecraft:wooden_sword":1,"minecraft:oak_planks":6,"minecraft:crafting_table":1,"minecraft:spruce_planks":2,"minecraft:stick":8,"minecraft:wooden_axe":1,"minecraft:wooden_pickaxe":1,"minecraft:air":32},"minecraft:used":{"minecraft:wooden_axe":59,"easy_villagers:villager":1,"minecraft:apple":2,"minecraft:spruce_planks":6,"minecraft:wooden_pickaxe":5,"evilcraft:flesh_humanoid":1,"minecraft:wooden_sword":18,"minecraft:crafting_table":3,"croptopia:chile_pepper":1},"minecraft:custom":{"minecraft:time_since_rest":8843,"minecraft:sprint_one_cm":50047,"minecraft:damage_taken":643,"minecraft:walk_one_cm":72218,"minecraft:mob_kills":4,"minecraft:drop":1,"tombstone:raider_killed":2,"minecraft:damage_dealt":1123,"minecraft:talked_to_villager":1,"minecraft:interact_with_crafting_table":4,"minecraft:fly_one_cm":104718,"minecraft:open_chest":2,"minecraft:crouch_one_cm":1911,"minecraft:play_time":19184,"tombstone:undead_killed":2,"minecraft:deaths":2,"minecraft:sneak_time":626,"minecraft:jump":535,"minecraft:damage_dealt_resisted":0,"minecraft:walk_on_water_one_cm":382,"minecraft:time_since_death":9736,"minecraft:total_world_time":19184,"minecraft:climb_one_cm":64,"minecraft:fall_one_cm":16937},"minecraft:picked_up":{"croptopia:chile_pepper_seed":1,"minecraft:crafting_table":3,"apotheosis:gem":4,"minecraft:black_bed":1,"ars_nouveau:blue_archwood_sapling":1,"ars_nouveau:blue_archwood_log":58,"minecraft:enchanted_book":1,"ars_nouveau:frostaya_pod":9,"minecraft:oak_log":6,"minecraft:spruce_log":2,"minecraft:dirt":4,"minecraft:lantern":4,"croptopia:chile_pepper":1,"minecraft:item_frame":2,"minecraft:rotten_flesh":5,"minecraft:apple":3,"ars_nouveau:stripped_blue_archwood_log":1,"mysticalagriculture:inferium_essence":2,"reliquary:zombie_heart":1,"minecraft:oak_sapling":4},"minecraft:dropped":{"minecraft:enchanted_book":1}},"DataVersion":3465}