{"stats":{"minecraft:killed":{"minecraft:sheep":1,"minecraft:skeleton":1,"minecraft:pillager":2,"evilcraft:poisonous_libelle":2,"minecraft:zombie":4,"minecraft:drowned":1,"minecraft:cow":2},"minecraft:killed_by":{"minecraft:zombie":1},"minecraft:mined":{"minecraft:spruce_planks":1,"ironfurnaces:iron_furnace":1,"minecraft:crafting_table":4,"minecraft:torch":2,"minecraft:grass_block":4,"supplementaries:wild_flax":1,"biomesoplenty:high_grass_plant":25,"minecraft:tall_grass":3,"biomesoplenty:sprout":1,"biomesoplenty:dune_grass":1,"minecraft:wall_torch":1,"ars_nouveau:blue_archwood_log":58,"minecraft:iron_ore":7,"biomesoplenty:lavender":1,"minecraft:spruce_log":2,"minecraft:tnt":4,"minecraft:black_bed":1,"minecraft:grass":20,"minecraft:bookshelf":2,"croptopia:apple_crop":1,"biomesoplenty:high_grass":26,"minecraft:lantern":4,"minecraft:dirt":7,"biomesoplenty:barley":13,"minecraft:stone":3,"minecraft:oak_leaves":1,"minecraft:fern":1},"minecraft:broken":{"minecraft:wooden_sword":1,"minecraft:wooden_axe":1},"minecraft:used":{"minecraft:water_bucket":13,"minecraft:stone_sword":6,"minecraft:stone_pickaxe":9,"minecraft:oak_planks":2,"minecraft:spruce_planks":6,"minecraft:wooden_pickaxe":11,"biomesoplenty:lavender":1,"minecraft:torch":3,"minecraft:dirt":7,"minecraft:crafting_table":4,"croptopia:chile_pepper":1,"minecraft:black_bed":1,"minecraft:wooden_axe":59,"easy_villagers:villager":1,"minecraft:lava_bucket":1,"minecraft:apple":3,"ars_nouveau:frostaya_pod":8,"evilcraft:flesh_humanoid":1,"minecraft:wooden_sword":112,"minecraft:beef":6,"minecraft:cooked_porkchop":1,"minecraft:bucket":17,"tombstone:gift":2,"minecraft:cooked_beef":8},"minecraft:crafted":{"minecraft:wooden_sword":1,"minecraft:oak_planks":6,"minecraft:cooked_porkchop":8,"minecraft:crafting_table":2,"minecraft:spruce_planks":2,"minecraft:wooden_pickaxe":1,"crafting_on_a_stick:crafting_table":2,"minecraft:air":32,"silentgear:stone_rod":4,"minecraft:stick":16,"minecraft:stone_pickaxe":1,"minecraft:wooden_axe":1,"minecraft:stone_sword":1},"minecraft:custom":{"minecraft:interact_with_furnace":5,"lootr:looted_stat":5,"minecraft:mob_kills":13,"tombstone:raider_killed":2,"minecraft:interact_with_crafting_table":10,"minecraft:damage_dealt_resisted":0,"minecraft:leave_game":1,"minecraft:time_since_death":68004,"minecraft:sleep_in_bed":2,"minecraft:climb_one_cm":64,"minecraft:time_since_rest":9212,"minecraft:sprint_one_cm":200310,"minecraft:walk_one_cm":212387,"minecraft:damage_taken":1755,"minecraft:drop":45,"minecraft:damage_dealt":2674,"minecraft:swim_one_cm":3534,"minecraft:talked_to_villager":2,"minecraft:fly_one_cm":388153,"minecraft:open_chest":2,"minecraft:crouch_one_cm":6062,"minecraft:play_time":77452,"minecraft:deaths":2,"tombstone:undead_killed":6,"minecraft:sneak_time":2187,"minecraft:walk_under_water_one_cm":3674,"minecraft:jump":1605,"minecraft:walk_on_water_one_cm":10705,"minecraft:total_world_time":77452,"minecraft:fall_one_cm":63192},"minecraft:picked_up":{"biomesoplenty:lavender":2,"sophisticatedbackpacks:gold_backpack":1,"minecraft:crafting_table":4,"minecraft:chainmail_boots":1,"minecraft:leather_leggings":1,"minecraft:black_bed":1,"minecraft:leather":4,"ars_nouveau:blue_archwood_sapling":1,"minecraft:enchanted_book":1,"supplementaries:flax_seeds":1,"minecraft:oak_log":6,"minecraft:dirt":30,"minecraft:lantern":5,"minecraft:item_frame":6,"pipez:basic_upgrade":1,"minecraft:cyan_carpet":3,"minecraft:apple":3,"minecraft:wheat_seeds":2,"mysticalagriculture:inferium_essence":4,"ars_nouveau:stripped_blue_archwood_log":1,"minecraft:spruce_planks":1,"reliquary:zombie_heart":1,"minecraft:beef":7,"minecraft:spruce_slab":1,"thermal:spinach_seeds":1,"ironfurnaces:iron_furnace":1,"minecraft:book":15,"minecraft:raw_iron":10,"silentgear:fine_silk":1,"minecraft:stick":7,"croptopia:chile_pepper_seed":1,"apotheosis:gem":12,"minecraft:torch":3,"potionsmaster:bezoar":1,"ars_nouveau:blue_archwood_log":58,"ars_nouveau:frostaya_pod":9,"minecraft:stripped_spruce_log":2,"tombstone:grave_dust":1,"minecraft:spruce_log":2,"croptopia:chile_pepper":1,"minecraft:tnt":3,"minecraft:rotten_flesh":6,"immersiveengineering:seed":3,"minecraft:gray_wool":1,"minecraft:oak_sapling":4,"minecraft:mutton":2,"minecraft:coal":15,"minecraft:cobblestone":3},"minecraft:dropped":{"minecraft:water_bucket":1,"minecraft:enchanted_book":13,"minecraft:iron_ingot":13,"thermal:spinach_seeds":1,"minecraft:stripped_spruce_log":2,"minecraft:wheat_seeds":2,"minecraft:diamond":6,"minecraft:rotten_flesh":1,"minecraft:leather":4,"ars_nouveau:frostaya_pod":8,"ars_nouveau:stripped_blue_archwood_log":1,"croptopia:chile_pepper_seed":1,"patchouli:guide_book":1,"minecraft:stick":20,"minecraft:lava_bucket":1,"minecraft:dirt":3,"apotheosis:gem":7,"minecraft:oak_sapling":4,"minecraft:beef":1,"minecraft:gold_ingot":17}},"DataVersion":3465}