{"stats":{"minecraft:killed":{"minecraft:zombie":2},"minecraft:killed_by":{"minecraft:zombie":1},"minecraft:mined":{"minecraft:grass":3,"croptopia:apple_crop":1,"minecraft:oak_leaves":1,"minecraft:crafting_table":1},"minecraft:used":{"minecraft:wooden_sword":3,"minecraft:crafting_table":1},"minecraft:crafted":{"minecraft:wooden_sword":1,"minecraft:oak_planks":6,"minecraft:crafting_table":1,"minecraft:stick":4,"minecraft:air":24},"minecraft:custom":{"minecraft:time_since_rest":5365,"minecraft:walk_one_cm":22368,"minecraft:crouch_one_cm":445,"minecraft:damage_taken":350,"minecraft:play_time":7184,"minecraft:sprint_one_cm":14003,"minecraft:deaths":1,"tombstone:undead_killed":2,"minecraft:sneak_time":80,"minecraft:mob_kills":2,"minecraft:damage_dealt_resisted":0,"minecraft:jump":146,"minecraft:damage_dealt":520,"minecraft:time_since_death":5803,"minecraft:total_world_time":7184,"minecraft:interact_with_crafting_table":1,"minecraft:fall_one_cm":2148,"minecraft:fly_one_cm":23704},"minecraft:picked_up":{"minecraft:crafting_table":1,"minecraft:rotten_flesh":5,"mysticalagriculture:inferium_essence":1,"reliquary:zombie_heart":1,"minecraft:oak_log":6}},"DataVersion":3465}