{"stats":{"minecraft:killed":{"minecraft:skeleton":1,"minecraft:pillager":2,"evilcraft:poisonous_libelle":2,"minecraft:zombie":3,"minecraft:drowned":1,"minecraft:cow":2},"minecraft:killed_by":{"minecraft:zombie":1},"minecraft:mined":{"minecraft:spruce_planks":1,"minecraft:crafting_table":4,"minecraft:torch":2,"minecraft:grass_block":3,"biomesoplenty:high_grass_plant":25,"minecraft:tall_grass":1,"biomesoplenty:sprout":1,"ars_nouveau:blue_archwood_log":58,"minecraft:iron_ore":7,"minecraft:spruce_log":2,"minecraft:tnt":2,"minecraft:black_bed":1,"minecraft:grass":18,"minecraft:bookshelf":1,"croptopia:apple_crop":1,"biomesoplenty:high_grass":26,"minecraft:lantern":4,"minecraft:dirt":7,"biomesoplenty:barley":3,"minecraft:stone":3,"minecraft:oak_leaves":1,"minecraft:fern":1},"minecraft:broken":{"minecraft:wooden_axe":1},"minecraft:used":{"minecraft:water_bucket":13,"minecraft:stone_pickaxe":8,"minecraft:oak_planks":2,"minecraft:spruce_planks":6,"minecraft:wooden_pickaxe":9,"minecraft:torch":2,"minecraft:dirt":7,"minecraft:crafting_table":4,"croptopia:chile_pepper":1,"minecraft:wooden_axe":59,"easy_villagers:villager":1,"minecraft:lava_bucket":1,"minecraft:apple":3,"ars_nouveau:frostaya_pod":8,"evilcraft:flesh_humanoid":1,"minecraft:wooden_sword":108,"minecraft:beef":4,"minecraft:bucket":16,"tombstone:gift":2,"minecraft:cooked_beef":8},"minecraft:custom":{"lootr:looted_stat":4,"minecraft:mob_kills":11,"tombstone:raider_killed":2,"minecraft:interact_with_crafting_table":10,"minecraft:damage_dealt_resisted":0,"minecraft:leave_game":1,"minecraft:time_since_death":56004,"minecraft:climb_one_cm":64,"minecraft:time_since_rest":55111,"minecraft:sprint_one_cm":182472,"minecraft:walk_one_cm":183906,"minecraft:damage_taken":1595,"minecraft:drop":41,"minecraft:damage_dealt":2395,"minecraft:swim_one_cm":3534,"minecraft:talked_to_villager":2,"minecraft:fly_one_cm":362472,"minecraft:open_chest":2,"minecraft:crouch_one_cm":4940,"minecraft:play_time":65452,"minecraft:deaths":2,"tombstone:undead_killed":5,"minecraft:sneak_time":1825,"minecraft:walk_under_water_one_cm":3139,"minecraft:jump":1490,"minecraft:walk_on_water_one_cm":9108,"minecraft:total_world_time":65452,"minecraft:fall_one_cm":58523},"minecraft:crafted":{"minecraft:wooden_sword":1,"minecraft:oak_planks":6,"minecraft:crafting_table":2,"minecraft:spruce_planks":2,"minecraft:wooden_pickaxe":1,"crafting_on_a_stick:crafting_table":2,"minecraft:air":32,"minecraft:stick":16,"minecraft:stone_pickaxe":1,"minecraft:wooden_axe":1},"minecraft:picked_up":{"minecraft:crafting_table":4,"minecraft:chainmail_boots":1,"minecraft:leather_leggings":1,"minecraft:black_bed":1,"minecraft:leather":4,"ars_nouveau:blue_archwood_sapling":1,"minecraft:enchanted_book":1,"minecraft:oak_log":6,"minecraft:dirt":10,"minecraft:lantern":5,"minecraft:item_frame":6,"pipez:basic_upgrade":1,"minecraft:cyan_carpet":3,"minecraft:apple":3,"minecraft:wheat_seeds":1,"mysticalagriculture:inferium_essence":4,"ars_nouveau:stripped_blue_archwood_log":1,"minecraft:spruce_planks":1,"reliquary:zombie_heart":1,"minecraft:beef":7,"minecraft:spruce_slab":1,"minecraft:book":12,"minecraft:raw_iron":10,"silentgear:fine_silk":1,"minecraft:stick":7,"croptopia:chile_pepper_seed":1,"apotheosis:gem":12,"minecraft:torch":2,"ars_nouveau:blue_archwood_log":58,"ars_nouveau:frostaya_pod":9,"minecraft:stripped_spruce_log":2,"tombstone:grave_dust":1,"minecraft:spruce_log":2,"croptopia:chile_pepper":1,"minecraft:tnt":3,"minecraft:rotten_flesh":6,"immersiveengineering:seed":1,"minecraft:oak_sapling":4,"minecraft:cobblestone":3},"minecraft:dropped":{"minecraft:water_bucket":1,"minecraft:enchanted_book":13,"minecraft:iron_ingot":13,"minecraft:stripped_spruce_log":2,"minecraft:wheat_seeds":1,"minecraft:diamond":6,"minecraft:rotten_flesh":1,"minecraft:leather":4,"ars_nouveau:frostaya_pod":8,"ars_nouveau:stripped_blue_archwood_log":1,"croptopia:chile_pepper_seed":1,"patchouli:guide_book":1,"minecraft:stick":1,"minecraft:lava_bucket":1,"minecraft:dirt":3,"apotheosis:gem":7,"minecraft:oak_sapling":4,"minecraft:gold_ingot":17}},"DataVersion":3465}