{"stats":{"minecraft:killed":{"irons_spellbooks:summoned_zombie":1,"minecraft:skeleton":1,"minecraft:silverfish":1,"minecraft:drowned":1,"minecraft:sheep":1,"minecraft:pillager":2,"minecraft:zombie":5,"evilcraft:poisonous_libelle":2,"minecraft:cow":8},"minecraft:killed_by":{"irons_spellbooks:necromancer":1,"minecraft:zombie":1},"minecraft:mined":{"minecraft:spruce_planks":2,"minecraft:white_bed":1,"minecraft:mossy_cobblestone":2,"farmersdelight:wild_carrots":1,"minecraft:dark_oak_log":1,"biomesoplenty:bush":6,"minecraft:grass_block":7,"botania:black_double_flower":1,"ars_nouveau:frostaya_pod":1,"biomesoplenty:dune_grass":1,"minecraft:large_fern":1,"minecraft:tall_seagrass":1,"croptopia:cherry_crop":6,"alltheores:nether_tin_ore":1,"minecraft:iron_ore":7,"minecraft:fire":4,"biomesoplenty:lavender":1,"minecraft:bookshelf":2,"biomesoplenty:high_grass":26,"croptopia:apple_crop":1,"forbidden_arcanus:aurum_leaves":1,"minecraft:lantern":4,"biomesoplenty:barley":13,"minecraft:white_banner":2,"minecraft:stone":3,"ironfurnaces:iron_furnace":1,"minecraft:crafting_table":4,"minecraft:torch":2,"supplementaries:wild_flax":1,"biomesoplenty:high_grass_plant":25,"minecraft:cobblestone":3,"minecraft:tall_grass":4,"biomesoplenty:sprout":1,"minecraft:wall_torch":1,"minecraft:birch_planks":2,"ars_nouveau:blue_archwood_log":58,"minecraft:spruce_log":2,"minecraft:black_bed":2,"minecraft:tnt":4,"minecraft:grass":26,"minecraft:oak_log":6,"minecraft:dirt":11,"minecraft:oak_leaves":1,"minecraft:fern":1},"minecraft:broken":{"minecraft:golden_sword":1,"minecraft:wooden_sword":1,"minecraft:wooden_axe":1},"minecraft:used":{"minecraft:trident":2,"minecraft:stone_sword":27,"minecraft:spruce_planks":10,"minecraft:torch":11,"minecraft:dirt":29,"croptopia:chile_pepper":1,"minecraft:carrot":8,"minecraft:wooden_axe":59,"minecraft:lava_bucket":1,"ars_nouveau:frostaya_pod":8,"evilcraft:flesh_humanoid":1,"minecraft:golden_sword":39,"croptopia:persimmon":6,"minecraft:beef":20,"tombstone:gift":4,"minecraft:potato":3,"minecraft:cooked_beef":8,"minecraft:golden_axe":14,"minecraft:water_bucket":30,"minecraft:stone_pickaxe":15,"minecraft:oak_planks":2,"minecraft:wooden_pickaxe":11,"minecraft:chainmail_helmet":2,"irons_spellbooks:tarnished_helmet":3,"biomesoplenty:lavender":1,"minecraft:crafting_table":4,"croptopia:cherry":4,"minecraft:black_bed":1,"easy_villagers:villager":1,"minecraft:apple":3,"minecraft:iron_pickaxe":5,"minecraft:wooden_sword":112,"minecraft:cobblestone":2,"minecraft:white_banner":2,"minecraft:cooked_porkchop":1,"minecraft:bucket":34,"minecraft:oak_boat":1},"minecraft:crafted":{"minecraft:wooden_sword":1,"minecraft:oak_planks":16,"silentgear:stone_rod":4,"minecraft:stone_pickaxe":1,"minecraft:cooked_porkchop":8,"minecraft:crafting_table":2,"minecraft:spruce_planks":2,"minecraft:wooden_pickaxe":1,"crafting_on_a_stick:crafting_table":2,"minecraft:air":52,"minecraft:stick":24,"minecraft:iron_pickaxe":1,"minecraft:wooden_axe":1,"minecraft:stone_sword":1},"minecraft:custom":{"lootr:looted_stat":8,"minecraft:mob_kills":22,"minecraft:interact_with_crafting_table":10,"minecraft:damage_dealt_resisted":0,"minecraft:leave_game":1,"minecraft:time_since_death":49567,"minecraft:climb_one_cm":690,"minecraft:sprint_one_cm":324652,"minecraft:walk_one_cm":335231,"minecraft:drop":65,"minecraft:talked_to_villager":3,"minecraft:play_time":137452,"minecraft:deaths":4,"minecraft:sneak_time":3763,"minecraft:walk_under_water_one_cm":6103,"minecraft:boat_one_cm":40,"minecraft:jump":2475,"minecraft:walk_on_water_one_cm":15683,"minecraft:total_world_time":137452,"minecraft:interact_with_furnace":5,"tombstone:raider_killed":2,"minecraft:sleep_in_bed":3,"minecraft:time_since_rest":30481,"minecraft:damage_taken":2784,"minecraft:damage_dealt":4282,"minecraft:swim_one_cm":7263,"minecraft:fly_one_cm":593355,"minecraft:open_chest":2,"minecraft:crouch_one_cm":11251,"tombstone:undead_killed":8,"minecraft:fall_one_cm":103026},"minecraft:picked_up":{"irons_spellbooks:scroll":1,"sophisticatedbackpacks:gold_backpack":1,"minecraft:crafting_table":4,"minecraft:azure_bluet":2,"minecraft:chainmail_boots":1,"minecraft:leather_leggings":1,"irons_spellbooks:tarnished_helmet":2,"botania:black_double_flower":1,"ars_nouveau:blue_archwood_sapling":1,"minecraft:stone_brick_wall":3,"minecraft:enchanted_book":1,"minecraft:stone_brick_stairs":2,"minecraft:golden_sword":3,"minecraft:item_frame":9,"minecraft:cyan_carpet":3,"irons_spellbooks:arcane_essence":3,"mysticalagriculture:inferium_essence":8,"reliquary:zombie_heart":1,"minecraft:spruce_planks":7,"minecraft:beef":24,"minecraft:oak_boat":2,"minecraft:spruce_slab":4,"thermal:spinach_seeds":1,"minecraft:spruce_trapdoor":2,"apotheosis:gem":17,"minecraft:stick":7,"minecraft:raw_iron":10,"minecraft:torch":3,"potionsmaster:bezoar":1,"ars_nouveau:blue_archwood_log":58,"ars_nouveau:frostaya_pod":12,"tombstone:grave_dust":1,"minecraft:carrot":4,"crafting_on_a_stick:crafting_table":1,"minecraft:tnt":3,"minecraft:rotten_flesh":6,"croptopia:persimmon":6,"supplementaries:ash":1,"minecraft:mutton":2,"minecraft:cobblestone":5,"paraglider:paraglider":1,"biomesoplenty:lavender":3,"minecraft:tripwire_hook":2,"minecraft:black_bed":2,"minecraft:leather":17,"minecraft:birch_planks":3,"minecraft:oak_log":12,"supplementaries:flax_seeds":4,"forbidden_arcanus:aurum_sapling":1,"minecraft:dirt":43,"minecraft:lantern":5,"minecraft:white_banner":3,"alltheores:raw_tin":1,"minecraft:bone":4,"pipez:basic_upgrade":1,"minecraft:apple":8,"minecraft:stone_bricks":10,"minecraft:wheat_seeds":2,"ars_nouveau:stripped_blue_archwood_log":1,"thermal:tomato_seeds":2,"ironfurnaces:iron_furnace":1,"minecraft:book":15,"croptopia:chile_pepper_seed":1,"silentgear:fine_silk":2,"minecraft:stripped_spruce_log":2,"minecraft:spruce_log":2,"minecraft:dark_oak_log":1,"minecraft:mossy_cobblestone":2,"croptopia:chile_pepper":1,"croptopia:cherry":4,"immersiveengineering:seed":3,"minecraft:gray_wool":1,"minecraft:oak_sapling":4,"minecraft:coal":15},"minecraft:dropped":{"minecraft:enchanted_book":13,"minecraft:water_bucket":1,"minecraft:iron_ingot":13,"minecraft:stripped_spruce_log":2,"minecraft:birch_planks":2,"minecraft:wheat_seeds":2,"minecraft:diamond":6,"minecraft:apple":5,"minecraft:leather":4,"irons_spellbooks:tarnished_helmet":1,"silentgear:fine_silk":1,"croptopia:chile_pepper_seed":1,"minecraft:stick":24,"minecraft:lava_bucket":1,"minecraft:dirt":3,"minecraft:mutton":2,"alltheores:raw_tin":1,"minecraft:tripwire_hook":2,"minecraft:gold_ingot":17,"minecraft:bone":2,"thermal:spinach_seeds":1,"minecraft:rotten_flesh":1,"ars_nouveau:frostaya_pod":11,"ars_nouveau:stripped_blue_archwood_log":1,"patchouli:guide_book":1,"minecraft:spruce_trapdoor":2,"apotheosis:gem":7,"minecraft:oak_sapling":4,"minecraft:golden_sword":2,"minecraft:beef":1}},"DataVersion":3465}