{"stats":{"minecraft:killed":{"minecraft:skeleton":1,"minecraft:pillager":2,"evilcraft:poisonous_libelle":2,"minecraft:zombie":2,"minecraft:drowned":1,"minecraft:cow":2},"minecraft:killed_by":{"minecraft:zombie":1},"minecraft:mined":{"minecraft:spruce_planks":1,"minecraft:crafting_table":3,"minecraft:grass_block":3,"biomesoplenty:high_grass_plant":25,"minecraft:tall_grass":1,"biomesoplenty:sprout":1,"ars_nouveau:blue_archwood_log":58,"minecraft:spruce_log":2,"minecraft:tnt":2,"minecraft:black_bed":1,"minecraft:grass":17,"minecraft:bookshelf":1,"croptopia:apple_crop":1,"biomesoplenty:high_grass":26,"minecraft:lantern":4,"minecraft:dirt":7,"minecraft:oak_leaves":1,"minecraft:fern":1},"minecraft:broken":{"minecraft:wooden_axe":1},"minecraft:used":{"minecraft:water_bucket":13,"minecraft:oak_planks":2,"minecraft:spruce_planks":6,"minecraft:wooden_pickaxe":6,"minecraft:dirt":7,"minecraft:crafting_table":3,"croptopia:chile_pepper":1,"minecraft:wooden_axe":59,"easy_villagers:villager":1,"minecraft:lava_bucket":1,"minecraft:apple":3,"ars_nouveau:frostaya_pod":8,"evilcraft:flesh_humanoid":1,"minecraft:wooden_sword":95,"minecraft:bucket":16,"tombstone:gift":2,"minecraft:cooked_beef":8},"minecraft:custom":{"lootr:looted_stat":3,"minecraft:mob_kills":10,"tombstone:raider_killed":2,"minecraft:interact_with_crafting_table":5,"minecraft:damage_dealt_resisted":0,"minecraft:leave_game":1,"minecraft:time_since_death":44004,"minecraft:climb_one_cm":64,"minecraft:time_since_rest":43111,"minecraft:sprint_one_cm":163346,"minecraft:walk_one_cm":164620,"minecraft:damage_taken":1431,"minecraft:drop":29,"minecraft:damage_dealt":2195,"minecraft:swim_one_cm":3534,"minecraft:talked_to_villager":2,"minecraft:fly_one_cm":344070,"minecraft:open_chest":2,"minecraft:crouch_one_cm":3964,"minecraft:play_time":53452,"minecraft:deaths":2,"tombstone:undead_killed":4,"minecraft:sneak_time":1359,"minecraft:walk_under_water_one_cm":3002,"minecraft:jump":1397,"minecraft:walk_on_water_one_cm":8275,"minecraft:total_world_time":53452,"minecraft:fall_one_cm":54372},"minecraft:crafted":{"minecraft:wooden_sword":1,"minecraft:oak_planks":6,"minecraft:crafting_table":1,"minecraft:spruce_planks":2,"minecraft:wooden_pickaxe":1,"minecraft:air":32,"minecraft:stick":12,"minecraft:wooden_axe":1},"minecraft:picked_up":{"minecraft:crafting_table":3,"minecraft:chainmail_boots":1,"minecraft:leather_leggings":1,"minecraft:black_bed":1,"minecraft:leather":4,"ars_nouveau:blue_archwood_sapling":1,"minecraft:enchanted_book":1,"minecraft:oak_log":6,"minecraft:dirt":10,"minecraft:lantern":5,"minecraft:item_frame":6,"minecraft:cyan_carpet":3,"minecraft:apple":3,"mysticalagriculture:inferium_essence":4,"ars_nouveau:stripped_blue_archwood_log":1,"minecraft:spruce_planks":1,"reliquary:zombie_heart":1,"minecraft:beef":7,"minecraft:spruce_slab":1,"minecraft:book":12,"minecraft:raw_iron":4,"silentgear:fine_silk":1,"minecraft:stick":7,"croptopia:chile_pepper_seed":1,"apotheosis:gem":10,"ars_nouveau:blue_archwood_log":58,"ars_nouveau:frostaya_pod":9,"minecraft:stripped_spruce_log":2,"tombstone:grave_dust":1,"minecraft:spruce_log":2,"croptopia:chile_pepper":1,"minecraft:tnt":3,"minecraft:rotten_flesh":6,"minecraft:oak_sapling":4},"minecraft:dropped":{"minecraft:water_bucket":1,"minecraft:enchanted_book":7,"minecraft:iron_ingot":13,"minecraft:stripped_spruce_log":2,"minecraft:diamond":1,"minecraft:rotten_flesh":1,"ars_nouveau:frostaya_pod":8,"ars_nouveau:stripped_blue_archwood_log":1,"croptopia:chile_pepper_seed":1,"minecraft:stick":1,"minecraft:lava_bucket":1,"minecraft:dirt":3,"apotheosis:gem":6,"minecraft:oak_sapling":4,"minecraft:gold_ingot":14}},"DataVersion":3465}