{"stats":{"minecraft:killed":{"minecraft:pillager":2,"minecraft:zombie":2},"minecraft:killed_by":{"minecraft:zombie":1},"minecraft:mined":{"ars_nouveau:blue_archwood_log":58,"minecraft:spruce_log":2,"minecraft:black_bed":1,"minecraft:crafting_table":3,"minecraft:grass":6,"minecraft:grass_block":2,"croptopia:apple_crop":1,"minecraft:lantern":3,"minecraft:dirt":4,"minecraft:oak_leaves":1,"minecraft:fern":1},"minecraft:broken":{"minecraft:wooden_axe":1},"minecraft:crafted":{"minecraft:wooden_sword":1,"minecraft:oak_planks":6,"minecraft:crafting_table":1,"minecraft:spruce_planks":2,"minecraft:stick":8,"minecraft:wooden_axe":1,"minecraft:wooden_pickaxe":1,"minecraft:air":32},"minecraft:used":{"minecraft:wooden_axe":59,"easy_villagers:villager":1,"minecraft:apple":3,"minecraft:spruce_planks":6,"minecraft:wooden_pickaxe":5,"evilcraft:flesh_humanoid":1,"minecraft:wooden_sword":22,"minecraft:dirt":2,"minecraft:crafting_table":3,"croptopia:chile_pepper":1},"minecraft:custom":{"minecraft:time_since_rest":14091,"lootr:looted_stat":1,"minecraft:sprint_one_cm":56466,"minecraft:damage_taken":643,"minecraft:walk_one_cm":84753,"minecraft:mob_kills":4,"minecraft:drop":4,"tombstone:raider_killed":2,"minecraft:damage_dealt":1298,"minecraft:talked_to_villager":1,"minecraft:interact_with_crafting_table":4,"minecraft:fly_one_cm":120782,"minecraft:open_chest":2,"minecraft:crouch_one_cm":2366,"minecraft:play_time":24432,"tombstone:undead_killed":2,"minecraft:deaths":2,"minecraft:sneak_time":817,"minecraft:jump":595,"minecraft:damage_dealt_resisted":0,"minecraft:leave_game":1,"minecraft:walk_on_water_one_cm":382,"minecraft:time_since_death":14984,"minecraft:total_world_time":24432,"minecraft:climb_one_cm":64,"minecraft:fall_one_cm":19619},"minecraft:picked_up":{"minecraft:book":6,"minecraft:chainmail_boots":1,"croptopia:chile_pepper_seed":1,"minecraft:crafting_table":3,"apotheosis:gem":9,"minecraft:leather_leggings":1,"minecraft:black_bed":1,"ars_nouveau:blue_archwood_sapling":1,"ars_nouveau:blue_archwood_log":58,"minecraft:enchanted_book":1,"minecraft:stripped_spruce_log":2,"ars_nouveau:frostaya_pod":9,"minecraft:oak_log":6,"minecraft:spruce_log":2,"minecraft:dirt":6,"minecraft:lantern":4,"croptopia:chile_pepper":1,"minecraft:item_frame":6,"minecraft:cyan_carpet":3,"minecraft:rotten_flesh":5,"minecraft:apple":3,"ars_nouveau:stripped_blue_archwood_log":1,"mysticalagriculture:inferium_essence":2,"reliquary:zombie_heart":1,"minecraft:spruce_slab":1,"minecraft:oak_sapling":4},"minecraft:dropped":{"minecraft:enchanted_book":1,"minecraft:diamond":1,"apotheosis:gem":1,"minecraft:stripped_spruce_log":1}},"DataVersion":3465}