{"stats":{"minecraft:killed":{"minecraft:pillager":2,"evilcraft:poisonous_libelle":2,"minecraft:zombie":2,"minecraft:drowned":1,"minecraft:cow":1},"minecraft:killed_by":{"minecraft:zombie":1},"minecraft:mined":{"minecraft:crafting_table":3,"minecraft:grass_block":3,"biomesoplenty:high_grass_plant":25,"minecraft:tall_grass":1,"biomesoplenty:sprout":1,"ars_nouveau:blue_archwood_log":58,"minecraft:spruce_log":2,"minecraft:black_bed":1,"minecraft:grass":17,"croptopia:apple_crop":1,"biomesoplenty:high_grass":26,"minecraft:lantern":3,"minecraft:dirt":7,"minecraft:oak_leaves":1,"minecraft:fern":1},"minecraft:broken":{"minecraft:wooden_axe":1},"minecraft:used":{"minecraft:water_bucket":12,"minecraft:spruce_planks":6,"minecraft:wooden_pickaxe":5,"minecraft:dirt":7,"minecraft:crafting_table":3,"croptopia:chile_pepper":1,"minecraft:wooden_axe":59,"easy_villagers:villager":1,"minecraft:apple":3,"ars_nouveau:frostaya_pod":7,"evilcraft:flesh_humanoid":1,"minecraft:wooden_sword":80,"minecraft:bucket":14,"tombstone:gift":2,"minecraft:cooked_beef":5},"minecraft:custom":{"lootr:looted_stat":2,"minecraft:mob_kills":8,"tombstone:raider_killed":2,"minecraft:interact_with_crafting_table":4,"minecraft:damage_dealt_resisted":0,"minecraft:leave_game":1,"minecraft:time_since_death":32004,"minecraft:climb_one_cm":64,"minecraft:time_since_rest":31111,"minecraft:sprint_one_cm":121391,"minecraft:walk_one_cm":122332,"minecraft:damage_taken":999,"minecraft:drop":8,"minecraft:damage_dealt":1616,"minecraft:swim_one_cm":903,"minecraft:talked_to_villager":1,"minecraft:fly_one_cm":278171,"minecraft:open_chest":2,"minecraft:crouch_one_cm":3033,"minecraft:play_time":41452,"minecraft:deaths":2,"tombstone:undead_killed":3,"minecraft:sneak_time":940,"minecraft:walk_under_water_one_cm":2598,"minecraft:jump":1123,"minecraft:walk_on_water_one_cm":6384,"minecraft:total_world_time":41452,"minecraft:fall_one_cm":42795},"minecraft:crafted":{"minecraft:wooden_sword":1,"minecraft:oak_planks":6,"minecraft:crafting_table":1,"minecraft:spruce_planks":2,"minecraft:wooden_pickaxe":1,"minecraft:air":32,"minecraft:stick":8,"minecraft:wooden_axe":1},"minecraft:picked_up":{"minecraft:crafting_table":3,"minecraft:chainmail_boots":1,"minecraft:leather_leggings":1,"minecraft:black_bed":1,"minecraft:leather":2,"ars_nouveau:blue_archwood_sapling":1,"minecraft:enchanted_book":1,"minecraft:oak_log":6,"minecraft:dirt":10,"minecraft:lantern":4,"minecraft:item_frame":6,"minecraft:cyan_carpet":3,"minecraft:apple":3,"mysticalagriculture:inferium_essence":3,"ars_nouveau:stripped_blue_archwood_log":1,"reliquary:zombie_heart":1,"minecraft:beef":4,"minecraft:spruce_slab":1,"minecraft:book":9,"minecraft:stick":6,"croptopia:chile_pepper_seed":1,"apotheosis:gem":10,"ars_nouveau:blue_archwood_log":58,"ars_nouveau:frostaya_pod":9,"minecraft:stripped_spruce_log":2,"tombstone:grave_dust":1,"minecraft:spruce_log":2,"croptopia:chile_pepper":1,"minecraft:rotten_flesh":5,"minecraft:oak_sapling":4},"minecraft:dropped":{"minecraft:enchanted_book":1,"minecraft:stripped_spruce_log":1,"minecraft:diamond":1,"minecraft:dirt":3,"apotheosis:gem":1,"minecraft:oak_sapling":4}},"DataVersion":3465}