{"stats":{"minecraft:killed":{"minecraft:skeleton":6,"minecraft:zombie":2,"minecraft:pig":3,"minecraft:spider":1},"minecraft:mined":{"minecraft:spruce_log":1,"minecraft:powder_snow":11,"biomesoplenty:fir_log":64,"minecraft:crafting_table":3,"minecraft:grass":1,"biomesoplenty:fir_planks":1,"minecraft:grass_block":4,"minecraft:coal_ore":18,"minecraft:dirt":9,"minecraft:cobblestone":45,"minecraft:spruce_leaves":1,"minecraft:stone":1},"minecraft:used":{"minecraft:stone_sword":27,"minecraft:stone_pickaxe":19,"minecraft:wooden_pickaxe":45,"biomesoplenty:fir_planks":8,"minecraft:stone_axe":7,"minecraft:dirt":10,"minecraft:bow":1,"minecraft:crafting_table":3,"minecraft:cooked_beef":3},"minecraft:crafted":{"biomesoplenty:fir_planks":64,"minecraft:wooden_sword":1,"minecraft:crafting_table":1,"minecraft:spruce_planks":1,"minecraft:stick":6,"minecraft:wooden_pickaxe":1,"minecraft:stone_pickaxe":1,"minecraft:stone_sword":1,"crafting_on_a_stick:crafting_table":1,"minecraft:stone_axe":1,"minecraft:air":270},"minecraft:custom":{"minecraft:time_since_rest":19020,"minecraft:interact_with_furnace":2,"lootr:looted_stat":1,"minecraft:sprint_one_cm":37505,"minecraft:damage_taken":299,"minecraft:walk_one_cm":18153,"minecraft:mob_kills":12,"minecraft:interact_with_anvil":1,"minecraft:drop":1,"minecraft:damage_dealt":1668,"minecraft:interact_with_crafting_table":5,"minecraft:fly_one_cm":102835,"minecraft:crouch_one_cm":354,"minecraft:play_time":19020,"tombstone:undead_killed":8,"minecraft:sneak_time":141,"minecraft:jump":494,"minecraft:time_since_death":19020,"minecraft:total_world_time":19020,"minecraft:fall_one_cm":16468},"minecraft:picked_up":{"apotheosis:gem":1,"minecraft:crafting_table":5,"biomesoplenty:fir_log":64,"minecraft:porkchop":6,"tombstone:grave_dust":4,"minecraft:spruce_log":1,"silentgear:sinew":1,"minecraft:string":1,"minecraft:spider_eye":1,"minecraft:dirt":13,"bhc:red_heart":1,"minecraft:bone":5,"minecraft:arrow":6,"minecraft:rotten_flesh":2,"minecraft:bow":1,"mysticalagriculture:inferium_essence":3,"biomesoplenty:fir_planks":1,"minecraft:coal":18,"minecraft:cobblestone":46},"minecraft:dropped":{"minecraft:crafting_table":1}},"DataVersion":3465}