{"stats":{"minecraft:killed":{"minecraft:pig":3,"minecraft:spider":3,"minecraft:sheep":3,"thermal:blizz":1,"minecraft:skeleton":8,"minecraft:pillager":1,"minecraft:zombie":9,"minecraft:chicken":1,"minecraft:enderman":1},"minecraft:mined":{"minecraft:spruce_planks":1,"alltheores:zinc_ore":31,"farmersdelight:wild_carrots":7,"minecraft:powder_snow":11,"minecraft:crafting_table":3,"minecraft:grass_block":4,"biomesoplenty:fir_planks":1,"minecraft:tall_grass":1,"minecraft:cobblestone":45,"minecraft:spruce_leaves":1,"minecraft:spruce_stairs":1,"minecraft:birch_log":7,"minecraft:iron_ore":4,"minecraft:spruce_log":1,"minecraft:tnt":2,"minecraft:anvil":2,"biomesoplenty:fir_log":64,"minecraft:oak_log":6,"minecraft:bookshelf":2,"minecraft:grass":4,"minecraft:potatoes":1,"minecraft:coal_ore":62,"minecraft:dirt":9,"minecraft:stone":1,"minecraft:oak_leaves":3,"minecraft:spruce_slab":2,"immersiveengineering:crate":16,"immersiveengineering:treated_wood_vertical":1},"minecraft:used":{"minecraft:stone_sword":94,"minecraft:stone_pickaxe":101,"croptopia:starfruit":2,"minecraft:wooden_pickaxe":45,"biomesoplenty:fir_planks":8,"minecraft:rotten_flesh":3,"minecraft:dirt":12,"minecraft:crafting_table":3,"minecraft:carrot":3,"easy_villagers:villager":6,"minecraft:apple":5,"minecraft:stone_axe":50,"croptopia:peach":3,"minecraft:cobblestone":25,"minecraft:bow":2,"immersiveengineering:crate":13,"minecraft:cooked_beef":8,"minecraft:potato":8},"minecraft:custom":{"minecraft:interact_with_furnace":2,"lootr:looted_stat":3,"minecraft:interact_with_anvil":1,"minecraft:mob_kills":30,"tombstone:raider_killed":1,"minecraft:interact_with_crafting_table":6,"minecraft:damage_dealt_resisted":0,"minecraft:leave_game":1,"minecraft:time_since_death":90691,"minecraft:climb_one_cm":1213,"minecraft:time_since_rest":90691,"minecraft:sprint_one_cm":143473,"minecraft:walk_one_cm":96916,"minecraft:damage_taken":1297,"minecraft:drop":5,"minecraft:damage_dealt":4730,"minecraft:talked_to_villager":11,"minecraft:fly_one_cm":303938,"minecraft:crouch_one_cm":1645,"minecraft:play_time":90691,"tombstone:undead_killed":17,"minecraft:sneak_time":552,"minecraft:walk_under_water_one_cm":267,"minecraft:jump":1538,"minecraft:walk_on_water_one_cm":662,"minecraft:total_world_time":90691,"minecraft:fall_one_cm":52077},"minecraft:crafted":{"minecraft:wooden_sword":1,"minecraft:crafting_table":1,"minecraft:spruce_planks":1,"minecraft:wooden_pickaxe":1,"minecraft:birch_planks":7,"crafting_on_a_stick:crafting_table":1,"minecraft:stone_axe":1,"minecraft:air":338,"biomesoplenty:fir_planks":64,"minecraft:stick":10,"minecraft:stone_pickaxe":1,"minecraft:snow_block":24,"minecraft:stone_sword":1,"minecraft:torch":4},"minecraft:picked_up":{"minecraft:birch_log":7,"occultism:datura_seeds":1,"minecraft:crafting_table":5,"minecraft:wheat":1,"minecraft:cooked_beef":1,"croptopia:peach":3,"minecraft:chicken":1,"minecraft:anvil":2,"minecraft:potato":6,"biomesoplenty:fir_log":64,"croptopia:calamari":2,"minecraft:oak_log":6,"minecraft:string":1,"immersiveengineering:treated_wood_vertical":1,"silentgear:sinew":1,"minecraft:dirt":17,"minecraft:item_frame":1,"bhc:red_heart":2,"minecraft:bone":8,"minecraft:cyan_carpet":9,"minecraft:apple":14,"minecraft:bow":1,"minecraft:wheat_seeds":4,"mysticalagriculture:inferium_essence":5,"biomesoplenty:fir_planks":1,"minecraft:spruce_planks":1,"immersiveengineering:crate":16,"minecraft:spruce_slab":2,"minecraft:egg":3,"minecraft:book":3,"minecraft:raw_iron":4,"apotheosis:gem":6,"alltheores:raw_zinc":31,"patchouli:guide_book":1,"forbidden_arcanus:tentacle":1,"croptopia:starfruit":2,"potionsmaster:bezoar":2,"minecraft:spruce_stairs":1,"minecraft:porkchop":7,"minecraft:carrot":6,"thermal:green_bean_seeds":1,"minecraft:ink_sac":1,"tombstone:grave_dust":7,"minecraft:spruce_log":1,"minecraft:grass_block":1,"minecraft:spider_eye":1,"minecraft:tnt":1,"easy_villagers:villager":1,"forbidden_arcanus:ender_pearl_fragment":2,"minecraft:arrow":9,"minecraft:rotten_flesh":10,"minecraft:chainmail_leggings":1,"minecraft:oak_sapling":4,"minecraft:mutton":4,"minecraft:snowball":99,"minecraft:coal":62,"minecraft:white_wool":3,"minecraft:cobblestone":49},"minecraft:dropped":{"minecraft:cooked_beef":1,"minecraft:oak_log":6,"minecraft:crafting_table":1,"patchouli:guide_book":1,"minecraft:cyan_carpet":9}},"DataVersion":3465}