{"stats":{"minecraft:killed":{"minecraft:pig":3,"minecraft:spider":2,"thermal:blizz":1,"minecraft:skeleton":6,"minecraft:zombie":2,"minecraft:chicken":1,"minecraft:enderman":1},"minecraft:mined":{"minecraft:spruce_planks":1,"minecraft:powder_snow":11,"minecraft:crafting_table":3,"minecraft:grass_block":4,"biomesoplenty:fir_planks":1,"minecraft:tall_grass":1,"minecraft:cobblestone":45,"minecraft:spruce_leaves":1,"minecraft:spruce_stairs":1,"minecraft:spruce_log":1,"minecraft:tnt":2,"minecraft:anvil":2,"biomesoplenty:fir_log":64,"minecraft:bookshelf":2,"minecraft:grass":2,"minecraft:potatoes":1,"minecraft:coal_ore":25,"minecraft:dirt":9,"minecraft:stone":1,"minecraft:oak_leaves":1,"minecraft:spruce_slab":2,"immersiveengineering:crate":10,"immersiveengineering:treated_wood_vertical":1},"minecraft:used":{"minecraft:stone_sword":44,"minecraft:stone_pickaxe":29,"minecraft:wooden_pickaxe":45,"biomesoplenty:fir_planks":8,"minecraft:dirt":10,"minecraft:crafting_table":3,"easy_villagers:villager":6,"minecraft:stone_axe":28,"minecraft:cobblestone":25,"minecraft:bow":2,"immersiveengineering:crate":7,"minecraft:cooked_beef":8,"minecraft:potato":8},"minecraft:custom":{"minecraft:interact_with_furnace":2,"lootr:looted_stat":3,"minecraft:interact_with_anvil":1,"minecraft:mob_kills":16,"minecraft:interact_with_crafting_table":6,"minecraft:leave_game":1,"minecraft:time_since_death":78691,"minecraft:climb_one_cm":1213,"minecraft:time_since_rest":78691,"minecraft:sprint_one_cm":110075,"minecraft:walk_one_cm":70916,"minecraft:damage_taken":778,"minecraft:drop":3,"minecraft:damage_dealt":2436,"minecraft:talked_to_villager":11,"minecraft:fly_one_cm":234145,"minecraft:crouch_one_cm":1526,"minecraft:play_time":78691,"tombstone:undead_killed":8,"minecraft:sneak_time":517,"minecraft:walk_under_water_one_cm":267,"minecraft:jump":1146,"minecraft:walk_on_water_one_cm":662,"minecraft:total_world_time":78691,"minecraft:fall_one_cm":36630},"minecraft:crafted":{"minecraft:wooden_sword":1,"minecraft:crafting_table":1,"minecraft:spruce_planks":1,"minecraft:wooden_pickaxe":1,"crafting_on_a_stick:crafting_table":1,"minecraft:stone_axe":1,"minecraft:air":294,"biomesoplenty:fir_planks":64,"minecraft:stick":6,"minecraft:stone_pickaxe":1,"minecraft:snow_block":24,"minecraft:stone_sword":1},"minecraft:picked_up":{"minecraft:crafting_table":5,"minecraft:wheat":1,"minecraft:cooked_beef":1,"minecraft:chicken":1,"minecraft:anvil":2,"minecraft:potato":6,"biomesoplenty:fir_log":64,"croptopia:calamari":2,"minecraft:string":1,"immersiveengineering:treated_wood_vertical":1,"silentgear:sinew":1,"minecraft:dirt":13,"minecraft:item_frame":1,"bhc:red_heart":1,"minecraft:bone":5,"minecraft:cyan_carpet":9,"minecraft:bow":1,"minecraft:wheat_seeds":3,"mysticalagriculture:inferium_essence":4,"biomesoplenty:fir_planks":1,"minecraft:spruce_planks":1,"immersiveengineering:crate":10,"minecraft:spruce_slab":2,"minecraft:egg":1,"minecraft:book":3,"apotheosis:gem":6,"forbidden_arcanus:tentacle":1,"minecraft:spruce_stairs":1,"minecraft:porkchop":7,"thermal:green_bean_seeds":1,"minecraft:ink_sac":1,"tombstone:grave_dust":4,"minecraft:spruce_log":1,"minecraft:grass_block":1,"minecraft:spider_eye":1,"minecraft:tnt":1,"easy_villagers:villager":1,"forbidden_arcanus:ender_pearl_fragment":2,"minecraft:arrow":6,"minecraft:rotten_flesh":2,"minecraft:snowball":99,"minecraft:coal":25,"minecraft:cobblestone":46},"minecraft:dropped":{"minecraft:cooked_beef":1,"minecraft:crafting_table":1,"minecraft:cyan_carpet":9}},"DataVersion":3465}