{"stats":{"minecraft:killed":{"minecraft:witch":1,"minecraft:spider":12,"thermal:blizz":2,"minecraft:skeleton":19,"minecraft:chicken":2,"irons_spellbooks:summoned_skeleton":1,"minecraft:pig":10,"minecraft:zombie_villager":1,"irons_spellbooks:necromancer":1,"minecraft:creeper":1,"minecraft:sheep":3,"minecraft:pillager":12,"minecraft:zombie":22,"minecraft:cow":15,"irons_spellbooks:summoned_zombie":5,"minecraft:horse":1,"minecraft:enderman":1},"minecraft:killed_by":{"thermal:blizz":1,"irons_spellbooks:necromancer":1},"minecraft:mined":{"minecraft:spruce_planks":5,"minecraft:white_bed":1,"minecraft:grass_block":12,"minecraft:iron_ore":15,"biomesoplenty:lavender":1,"minecraft:anvil":2,"amendments:wall_lantern":1,"minecraft:spruce_slab":3,"minecraft:powder_snow":49,"minecraft:torch":7,"minecraft:cobblestone":50,"minecraft:sugar_cane":2,"minecraft:oak_planks":1,"minecraft:wall_torch":9,"minecraft:birch_log":7,"minecraft:tnt":9,"minecraft:black_bed":1,"biomesoplenty:fir_log":64,"minecraft:grass":59,"minecraft:oak_log":25,"forbidden_arcanus:nipa":1,"minecraft:dirt":28,"minecraft:oak_leaves":4,"ars_nouveau:stripped_blue_archwood_log":1,"alltheores:zinc_ore":31,"silentgear:wild_flax_plant":7,"farmersdelight:wild_carrots":10,"functionalstorage:oak_1":3,"croptopia:persimmon_crop":1,"biomesoplenty:bush":3,"minecraft:spruce_leaves":1,"minecraft:stripped_spruce_log":1,"minecraft:gold_block":4,"minecraft:bookshelf":18,"minecraft:potatoes":1,"biomesoplenty:high_grass":28,"minecraft:lantern":1,"biomesoplenty:barley":5,"minecraft:stone":9,"immersiveengineering:treated_wood_vertical":1,"croptopia:sweetpotato_crop":1,"minecraft:crafting_table":4,"biomesoplenty:fir_planks":1,"biomesoplenty:high_grass_plant":85,"minecraft:tall_grass":2,"minecraft:spruce_stairs":2,"minecraft:birch_planks":9,"cookingforblockheads:sink":1,"biomesoplenty:pink_daffodil":1,"minecraft:spruce_log":3,"minecraft:coal_ore":101,"minecraft:cyan_carpet":2,"minecraft:gravel":7,"immersiveengineering:crate":45,"minecraft:fern":1},"minecraft:broken":{"minecraft:leather_boots":1},"minecraft:used":{"minecraft:chest":2,"minecraft:iron_sword":144,"minecraft:rotten_flesh":15,"minecraft:carrot":11,"minecraft:stone_bricks":10,"ironfurnaces:iron_furnace":1,"croptopia:peach":3,"minecraft:bow":6,"minecraft:potato":8,"minecraft:stone_pickaxe":104,"minecraft:oak_planks":23,"minecraft:wooden_pickaxe":45,"biomesoplenty:fir_planks":72,"minecraft:black_bed":1,"easy_villagers:villager":9,"minecraft:gravel":5,"minecraft:wooden_sword":50,"functionalstorage:oak_1":3,"minecraft:oak_boat":1,"cookingforblockheads:sink":1,"minecraft:trident":16,"minecraft:stone_sword":105,"croptopia:starfruit":2,"potionsmaster:bezoar":2,"minecraft:torch":23,"minecraft:dirt":12,"minecraft:spruce_stairs":1,"minecraft:iron_axe":64,"silentgear:pickaxe":14,"tombstone:gift":5,"immersiveengineering:crate":42,"minecraft:cooked_beef":8,"minecraft:water_bucket":19,"minecraft:birch_planks":22,"farmersdelight:onion":59,"minecraft:crafting_table":5,"croptopia:cherry":1,"minecraft:white_bed":2,"minecraft:apple":11,"minecraft:iron_pickaxe":55,"minecraft:stone_axe":67,"minecraft:cobblestone":44,"minecraft:cooked_porkchop":2,"minecraft:bucket":18},"minecraft:crafted":{"minecraft:oak_planks":19,"minecraft:chest":4,"minecraft:oak_button":1,"sophisticatedbackpacks:backpack":2,"minecraft:cooked_porkchop":2,"minecraft:crafting_table":3,"minecraft:spruce_planks":1,"minecraft:wooden_pickaxe":1,"minecraft:birch_planks":7,"biomesoplenty:fir_planks":64,"minecraft:stick":24,"minecraft:iron_ingot":3,"minecraft:stone_sword":1,"minecraft:snow_block":24,"minecraft:gold_ingot":4,"minecraft:wooden_sword":3,"minecraft:stone_pickaxe":1,"sophisticatedbackpacks:iron_backpack":2,"paraglider:paraglider":2,"sophisticatedbackpacks:gold_backpack":2,"crafting_on_a_stick:crafting_table":3,"minecraft:stone_axe":1,"minecraft:air":471,"minecraft:oak_boat":1,"minecraft:white_bed":1,"minecraft:torch":4},"minecraft:custom":{"lootr:looted_stat":17,"minecraft:interact_with_crafting_table":11,"minecraft:leave_game":1,"minecraft:time_since_death":62413,"minecraft:damage_resisted":0,"minecraft:sprint_one_cm":577684,"minecraft:drop":207,"minecraft:talked_to_villager":17,"minecraft:play_time":288691,"minecraft:deaths":4,"minecraft:jump":6333,"minecraft:walk_on_water_one_cm":22565,"minecraft:interact_with_furnace":7,"minecraft:sleep_in_bed":3,"minecraft:waystone_activated":1,"minecraft:damage_dealt":17097,"minecraft:crouch_one_cm":11204,"tombstone:undead_killed":49,"minecraft:interact_with_anvil":1,"minecraft:mob_kills":110,"minecraft:damage_dealt_resisted":0,"minecraft:climb_one_cm":2876,"minecraft:walk_one_cm":321076,"minecraft:sneak_time":4713,"minecraft:walk_under_water_one_cm":6011,"minecraft:boat_one_cm":33003,"minecraft:total_world_time":288691,"tombstone:raider_killed":13,"minecraft:time_since_rest":42481,"minecraft:damage_taken":4699,"minecraft:damage_absorbed":54,"minecraft:swim_one_cm":43933,"minecraft:fly_one_cm":1355240,"minecraft:open_chest":21,"minecraft:fall_one_cm":222885},"minecraft:picked_up":{"minecraft:wheat":3,"minecraft:anvil":2,"minecraft:flower_pot":12,"minecraft:enchanted_book":19,"croptopia:calamari":2,"minecraft:stone_brick_stairs":25,"minecraft:golden_sword":1,"immersiveengineering:treated_wood_vertical":1,"silentgear:sinew":10,"minecraft:string":14,"mysticalagriculture:inferium_essence":19,"biomesoplenty:fir_planks":1,"minecraft:spruce_planks":21,"minecraft:iron_pickaxe":1,"thermal:spinach_seeds":1,"minecraft:stick":36,"apotheosis:gem":34,"forbidden_arcanus:tentacle":1,"minecraft:torch":42,"potionsmaster:bezoar":2,"minecraft:spruce_stairs":4,"minecraft:porkchop":32,"tombstone:grave_dust":9,"pneumaticcraft:pressure_tube":8,"easy_villagers:villager":1,"minecraft:stone_sword":1,"silentgear:leather_scrap":2,"minecraft:rotten_flesh":16,"croptopia:persimmon":6,"minecraft:obsidian":3,"minecraft:iron_bars":6,"minecraft:snowball":99,"minecraft:cobblestone":58,"minecraft:birch_log":7,"occultism:datura_seeds":2,"minecraft:feather":2,"minecraft:cooked_beef":1,"minecraft:water_bucket":1,"minecraft:black_bed":1,"minecraft:potato":6,"biomesoplenty:fir_log":64,"evilcraft:flesh_humanoid":2,"minecraft:dirt":20,"minecraft:lantern":3,"bhc:red_heart":4,"minecraft:bone":21,"croptopia:sweetpotato":1,"silentgear:netherwood_sapling":2,"minecraft:bow":2,"minecraft:wheat_seeds":13,"forbidden_arcanus:nipa":1,"immersiveengineering:nugget_nickel":3,"minecraft:oak_planks":1,"silentgear:crimson_iron_ingot":2,"croptopia:chile_pepper_seed":1,"silentgear:fine_silk":1,"silentgear:pickaxe":1,"patchouli:guide_book":3,"minecraft:ink_sac":1,"thermal:blizz_rod":1,"minecraft:lily_of_the_valley":6,"minecraft:grass_block":1,"minecraft:trapped_chest":3,"forbidden_arcanus:ender_pearl_fragment":2,"croptopia:cherry":1,"minecraft:diamond":7,"waystones:waystone":2,"minecraft:crossbow":2,"minecraft:chainmail_helmet":9,"minecraft:oak_sapling":20,"functionalstorage:oak_1":3,"minecraft:crafting_table":7,"minecraft:chicken":2,"croptopia:peach":3,"minecraft:wooden_pickaxe":2,"minecraft:stone_brick_wall":4,"minecraft:gold_block":4,"minecraft:cornflower":3,"minecraft:wooden_sword":5,"minecraft:item_frame":11,"reliquary:chelicerae":5,"minecraft:cyan_carpet":9,"minecraft:beef":23,"immersiveengineering:crate":45,"minecraft:iron_nugget":4,"minecraft:spruce_slab":22,"minecraft:sugar_cane":4,"farmersdelight:golden_knife":1,"minecraft:spruce_trapdoor":15,"minecraft:egg":3,"minecraft:raw_iron":12,"alltheores:raw_zinc":31,"minecraft:trident":1,"minecraft:carrot":9,"minecraft:tnt":6,"minecraft:arrow":21,"tombstone:essence_of_undeath":2,"minecraft:gold_ingot":17,"minecraft:mutton":4,"minecraft:white_wool":9,"silentgear:flax_seeds":7,"minecraft:leather":15,"minecraft:birch_planks":9,"minecraft:oak_log":25,"minecraft:chainmail_chestplate":1,"minecraft:lily_pad":3,"minecraft:cobblestone_wall":12,"tombstone:gift":2,"forbidden_arcanus:arcane_crystal_dust_speck":1,"minecraft:apple":20,"minecraft:stone_bricks":30,"enderio:wood_gear":1,"minecraft:iron_ingot":13,"minecraft:stone_pickaxe":5,"tombstone:bag_of_seeds":3,"minecraft:book":57,"croptopia:starfruit":2,"pneumaticcraft:ingot_iron_compressed":1,"minecraft:gravel":7,"minecraft:lava_bucket":1,"thermal:green_bean_seeds":1,"minecraft:white_bed":2,"minecraft:spruce_log":1,"minecraft:spider_eye":7,"cookingforblockheads:sink":1,"minecraft:chainmail_leggings":9,"tombstone:magic_scroll":1,"minecraft:coal":101},"minecraft:dropped":{"occultism:datura_seeds":1,"minecraft:birch_planks":1,"minecraft:porkchop":15,"minecraft:cooked_beef":1,"minecraft:oak_log":6,"minecraft:diamond":1,"minecraft:crafting_table":1,"minecraft:crossbow":1,"minecraft:lantern":3,"immersiveengineering:nugget_nickel":4,"silentgear:fine_silk":1,"reliquary:chelicerae":4,"minecraft:item_frame":8,"sophisticatedbackpacks:gold_backpack":1,"minecraft:dirt":6,"tombstone:bag_of_seeds":4,"minecraft:cornflower":3,"immersiveengineering:crate":1,"minecraft:wooden_sword":7,"minecraft:iron_pickaxe":1,"paraglider:paraglider":1,"minecraft:white_wool":6,"minecraft:cyan_carpet":9,"minecraft:bone":4,"minecraft:gravel":2,"thermal:spinach_seeds":1,"minecraft:iron_nugget":8,"pneumaticcraft:transistor":3,"minecraft:wheat":3,"thermal:blizz_rod":1,"tombstone:gift":1,"minecraft:rotten_flesh":2,"minecraft:oak_planks":12,"minecraft:carrot":3,"evilcraft:flesh_humanoid":2,"patchouli:guide_book":2,"supplementaries:flax_seeds":3,"minecraft:trident":1,"mysticalagriculture:inferium_essence":10,"minecraft:stone_brick_wall":4,"apotheosis:gem":12,"minecraft:chainmail_boots":1,"minecraft:leather_leggings":1,"minecraft:spruce_slab":24,"minecraft:iron_bars":6,"minecraft:stone_brick_stairs":25,"minecraft:egg":3,"minecraft:enchanted_book":8,"croptopia:persimmon":6,"minecraft:wheat_seeds":12,"enderio:wood_gear":2,"minecraft:apple":3,"minecraft:spruce_stairs":3,"silentgear:sinew":4,"minecraft:chainmail_helmet":7,"minecraft:stick":34,"farmersdelight:golden_knife":1,"minecraft:torch":13,"tombstone:grave_dust":3,"minecraft:golden_hoe":2,"minecraft:chainmail_leggings":7,"minecraft:string":4,"minecraft:trapped_chest":3,"minecraft:lily_pad":3,"silentgear:pickaxe":1,"minecraft:stone_sword":2,"minecraft:cobblestone_wall":12,"silentgear:netherwood_sapling":3,"minecraft:flint_and_steel":1,"minecraft:lily_of_the_valley":6,"minecraft:flower_pot":12,"minecraft:spruce_trapdoor":15,"minecraft:spruce_planks":7,"minecraft:oak_sapling":16,"minecraft:golden_sword":2,"minecraft:stone_bricks":8,"tombstone:essence_of_undeath":1,"minecraft:stone_pickaxe":6,"minecraft:wooden_pickaxe":3}},"DataVersion":3465}