{"stats":{"minecraft:killed":{"irons_spellbooks:summoned_zombie":2,"minecraft:witch":1,"minecraft:spider":8,"thermal:blizz":2,"minecraft:skeleton":13,"minecraft:chicken":2,"minecraft:pig":10,"minecraft:zombie_villager":1,"minecraft:sheep":3,"minecraft:pillager":12,"minecraft:zombie":18,"minecraft:cow":12,"minecraft:enderman":1},"minecraft:killed_by":{"thermal:blizz":1},"minecraft:mined":{"ars_nouveau:stripped_blue_archwood_log":1,"minecraft:spruce_planks":5,"alltheores:zinc_ore":31,"silentgear:wild_flax_plant":7,"farmersdelight:wild_carrots":7,"minecraft:grass_block":9,"minecraft:spruce_leaves":1,"minecraft:iron_ore":15,"minecraft:stripped_spruce_log":1,"minecraft:anvil":2,"biomesoplenty:high_grass":28,"minecraft:bookshelf":18,"minecraft:potatoes":1,"amendments:wall_lantern":1,"minecraft:lantern":1,"biomesoplenty:barley":3,"minecraft:stone":9,"minecraft:spruce_slab":3,"immersiveengineering:treated_wood_vertical":1,"minecraft:powder_snow":49,"croptopia:sweetpotato_crop":1,"minecraft:crafting_table":4,"minecraft:torch":7,"biomesoplenty:fir_planks":1,"biomesoplenty:high_grass_plant":85,"minecraft:cobblestone":45,"minecraft:tall_grass":2,"minecraft:wall_torch":6,"minecraft:spruce_stairs":2,"minecraft:birch_planks":9,"cookingforblockheads:sink":1,"minecraft:birch_log":7,"biomesoplenty:pink_daffodil":1,"minecraft:spruce_log":3,"minecraft:tnt":9,"biomesoplenty:fir_log":64,"minecraft:grass":59,"minecraft:coal_ore":101,"minecraft:oak_log":18,"minecraft:gravel":7,"minecraft:cyan_carpet":2,"minecraft:dirt":23,"minecraft:oak_leaves":3,"immersiveengineering:crate":43,"minecraft:fern":1},"minecraft:broken":{"minecraft:leather_boots":1},"minecraft:crafted":{"minecraft:wooden_sword":3,"minecraft:oak_planks":12,"minecraft:stone_pickaxe":1,"minecraft:chest":3,"minecraft:oak_button":1,"sophisticatedbackpacks:iron_backpack":1,"sophisticatedbackpacks:backpack":1,"minecraft:crafting_table":3,"minecraft:spruce_planks":1,"minecraft:wooden_pickaxe":1,"sophisticatedbackpacks:gold_backpack":1,"minecraft:birch_planks":7,"crafting_on_a_stick:crafting_table":3,"minecraft:stone_axe":1,"minecraft:air":404,"biomesoplenty:fir_planks":64,"minecraft:iron_ingot":3,"minecraft:stick":12,"minecraft:stone_sword":1,"minecraft:snow_block":24,"minecraft:torch":4},"minecraft:custom":{"lootr:looted_stat":11,"minecraft:mob_kills":86,"minecraft:interact_with_anvil":1,"minecraft:interact_with_crafting_table":11,"minecraft:damage_dealt_resisted":0,"minecraft:leave_game":1,"minecraft:time_since_death":68642,"minecraft:climb_one_cm":1963,"minecraft:sprint_one_cm":414416,"minecraft:walk_one_cm":240488,"minecraft:drop":187,"minecraft:talked_to_villager":15,"minecraft:play_time":204691,"minecraft:deaths":3,"minecraft:sneak_time":2662,"minecraft:walk_under_water_one_cm":1299,"minecraft:jump":4609,"minecraft:walk_on_water_one_cm":12601,"minecraft:total_world_time":204691,"minecraft:interact_with_furnace":2,"tombstone:raider_killed":13,"minecraft:time_since_rest":68056,"minecraft:waystone_activated":1,"minecraft:damage_taken":3606,"minecraft:damage_dealt":12821,"minecraft:swim_one_cm":26747,"minecraft:fly_one_cm":995467,"minecraft:open_chest":20,"minecraft:crouch_one_cm":6056,"tombstone:undead_killed":34,"minecraft:fall_one_cm":165941},"minecraft:used":{"cookingforblockheads:sink":1,"minecraft:stone_sword":105,"croptopia:starfruit":2,"minecraft:chest":2,"potionsmaster:bezoar":2,"minecraft:iron_sword":91,"minecraft:rotten_flesh":15,"minecraft:torch":18,"minecraft:dirt":12,"minecraft:spruce_stairs":1,"minecraft:carrot":11,"minecraft:iron_axe":49,"silentgear:pickaxe":3,"minecraft:stone_bricks":10,"croptopia:peach":3,"minecraft:bow":2,"tombstone:gift":5,"immersiveengineering:crate":40,"minecraft:potato":8,"minecraft:cooked_beef":8,"minecraft:birch_planks":22,"minecraft:stone_pickaxe":104,"minecraft:oak_planks":4,"minecraft:wooden_pickaxe":45,"biomesoplenty:fir_planks":8,"farmersdelight:onion":48,"minecraft:crafting_table":5,"easy_villagers:villager":9,"minecraft:apple":11,"minecraft:iron_pickaxe":55,"minecraft:gravel":5,"minecraft:stone_axe":67,"minecraft:wooden_sword":50,"minecraft:cobblestone":35},"minecraft:picked_up":{"minecraft:crafting_table":7,"minecraft:wheat":3,"minecraft:flower_pot":12,"minecraft:anvil":2,"minecraft:chicken":2,"croptopia:peach":3,"minecraft:wooden_pickaxe":2,"minecraft:stone_brick_wall":4,"minecraft:enchanted_book":19,"minecraft:stone_brick_stairs":25,"croptopia:calamari":2,"minecraft:cornflower":3,"immersiveengineering:treated_wood_vertical":1,"silentgear:sinew":10,"minecraft:string":13,"minecraft:wooden_sword":5,"minecraft:item_frame":11,"reliquary:chelicerae":5,"minecraft:cyan_carpet":9,"mysticalagriculture:inferium_essence":17,"biomesoplenty:fir_planks":1,"minecraft:spruce_planks":21,"minecraft:beef":17,"immersiveengineering:crate":43,"minecraft:iron_nugget":4,"minecraft:iron_pickaxe":1,"minecraft:spruce_slab":22,"farmersdelight:golden_knife":1,"minecraft:spruce_trapdoor":15,"minecraft:egg":3,"minecraft:stick":30,"minecraft:raw_iron":12,"apotheosis:gem":29,"alltheores:raw_zinc":31,"forbidden_arcanus:tentacle":1,"minecraft:torch":39,"potionsmaster:bezoar":2,"minecraft:spruce_stairs":4,"minecraft:porkchop":32,"tombstone:grave_dust":9,"minecraft:carrot":6,"silentgear:leather_scrap":2,"pneumaticcraft:pressure_tube":8,"easy_villagers:villager":1,"minecraft:tnt":4,"minecraft:stone_sword":1,"minecraft:arrow":10,"minecraft:rotten_flesh":16,"minecraft:gold_ingot":17,"tombstone:essence_of_undeath":2,"minecraft:obsidian":3,"minecraft:mutton":4,"minecraft:iron_bars":6,"minecraft:snowball":99,"minecraft:white_wool":9,"minecraft:cobblestone":53,"minecraft:birch_log":7,"occultism:datura_seeds":1,"silentgear:flax_seeds":7,"minecraft:feather":2,"minecraft:cooked_beef":1,"minecraft:water_bucket":1,"minecraft:leather":13,"minecraft:potato":6,"minecraft:birch_planks":9,"biomesoplenty:fir_log":64,"minecraft:chainmail_chestplate":1,"minecraft:oak_log":18,"evilcraft:flesh_humanoid":2,"minecraft:cobblestone_wall":12,"minecraft:dirt":20,"minecraft:lantern":3,"tombstone:gift":2,"bhc:red_heart":4,"minecraft:bone":13,"silentgear:netherwood_sapling":2,"minecraft:apple":14,"minecraft:stone_bricks":30,"croptopia:sweetpotato":1,"minecraft:bow":1,"minecraft:wheat_seeds":12,"minecraft:iron_ingot":13,"enderio:wood_gear":1,"minecraft:stone_pickaxe":5,"tombstone:bag_of_seeds":3,"immersiveengineering:nugget_nickel":3,"silentgear:crimson_iron_ingot":2,"minecraft:book":57,"croptopia:chile_pepper_seed":1,"patchouli:guide_book":3,"croptopia:starfruit":2,"minecraft:lava_bucket":1,"minecraft:gravel":7,"pneumaticcraft:ingot_iron_compressed":1,"thermal:blizz_rod":1,"minecraft:ink_sac":1,"minecraft:grass_block":1,"minecraft:spruce_log":1,"thermal:green_bean_seeds":1,"minecraft:lily_of_the_valley":6,"minecraft:trapped_chest":3,"minecraft:spider_eye":7,"cookingforblockheads:sink":1,"forbidden_arcanus:ender_pearl_fragment":2,"minecraft:diamond":7,"waystones:waystone":1,"minecraft:chainmail_leggings":9,"minecraft:crossbow":1,"minecraft:chainmail_helmet":9,"minecraft:oak_sapling":16,"minecraft:coal":101},"minecraft:dropped":{"minecraft:enchanted_book":7,"minecraft:porkchop":15,"minecraft:wheat_seeds":9,"minecraft:cooked_beef":1,"minecraft:oak_log":6,"enderio:wood_gear":2,"minecraft:diamond":1,"minecraft:crafting_table":1,"minecraft:crossbow":1,"minecraft:lantern":3,"minecraft:apple":3,"immersiveengineering:nugget_nickel":4,"minecraft:spruce_stairs":3,"minecraft:chainmail_helmet":7,"silentgear:sinew":4,"reliquary:chelicerae":4,"minecraft:item_frame":8,"minecraft:stick":34,"minecraft:dirt":6,"tombstone:bag_of_seeds":4,"farmersdelight:golden_knife":1,"minecraft:torch":13,"minecraft:cornflower":3,"immersiveengineering:crate":1,"tombstone:grave_dust":3,"minecraft:wooden_sword":7,"minecraft:golden_hoe":1,"minecraft:iron_pickaxe":1,"minecraft:chainmail_leggings":7,"minecraft:string":4,"minecraft:trapped_chest":3,"minecraft:white_wool":6,"minecraft:cyan_carpet":9,"minecraft:bone":4,"minecraft:gravel":2,"minecraft:iron_nugget":8,"minecraft:stone_sword":2,"minecraft:cobblestone_wall":12,"pneumaticcraft:transistor":3,"minecraft:wheat":3,"thermal:blizz_rod":1,"tombstone:gift":1,"minecraft:rotten_flesh":2,"minecraft:oak_planks":12,"silentgear:netherwood_sapling":3,"evilcraft:flesh_humanoid":2,"patchouli:guide_book":2,"minecraft:flint_and_steel":1,"minecraft:lily_of_the_valley":6,"minecraft:flower_pot":12,"minecraft:spruce_trapdoor":15,"minecraft:spruce_planks":7,"apotheosis:gem":10,"minecraft:stone_brick_wall":4,"mysticalagriculture:inferium_essence":10,"minecraft:oak_sapling":16,"minecraft:chainmail_boots":1,"minecraft:leather_leggings":1,"minecraft:stone_bricks":8,"tombstone:essence_of_undeath":1,"minecraft:spruce_slab":24,"minecraft:iron_bars":6,"minecraft:wooden_pickaxe":3,"minecraft:stone_pickaxe":6,"minecraft:stone_brick_stairs":25,"minecraft:egg":3}},"DataVersion":3465}