{"stats":{"minecraft:killed":{"minecraft:pig":3,"minecraft:spider":3,"minecraft:sheep":3,"thermal:blizz":1,"minecraft:skeleton":8,"minecraft:pillager":4,"minecraft:zombie":9,"minecraft:chicken":1,"minecraft:enderman":1},"minecraft:mined":{"ars_nouveau:stripped_blue_archwood_log":1,"minecraft:spruce_planks":1,"alltheores:zinc_ore":31,"farmersdelight:wild_carrots":7,"croptopia:sweetpotato_crop":1,"minecraft:powder_snow":11,"minecraft:crafting_table":3,"minecraft:torch":2,"minecraft:grass_block":5,"biomesoplenty:fir_planks":1,"minecraft:tall_grass":1,"minecraft:cobblestone":45,"minecraft:spruce_leaves":1,"minecraft:wall_torch":3,"minecraft:spruce_stairs":1,"minecraft:birch_planks":1,"minecraft:birch_log":7,"minecraft:iron_ore":5,"minecraft:stripped_spruce_log":1,"minecraft:spruce_log":3,"minecraft:tnt":2,"minecraft:anvil":2,"biomesoplenty:fir_log":64,"minecraft:oak_log":6,"minecraft:bookshelf":4,"minecraft:grass":4,"minecraft:potatoes":1,"minecraft:coal_ore":62,"amendments:wall_lantern":1,"minecraft:lantern":1,"minecraft:cyan_carpet":2,"minecraft:dirt":9,"minecraft:fern":1,"minecraft:stone":1,"minecraft:oak_leaves":3,"minecraft:spruce_slab":3,"immersiveengineering:crate":28,"immersiveengineering:treated_wood_vertical":1},"minecraft:used":{"minecraft:stone_sword":105,"minecraft:birch_planks":3,"minecraft:stone_pickaxe":104,"croptopia:starfruit":2,"minecraft:wooden_pickaxe":45,"biomesoplenty:fir_planks":8,"minecraft:rotten_flesh":3,"minecraft:torch":8,"farmersdelight:onion":12,"minecraft:dirt":12,"minecraft:crafting_table":3,"minecraft:carrot":11,"easy_villagers:villager":9,"minecraft:apple":11,"minecraft:iron_axe":8,"minecraft:stone_axe":67,"croptopia:peach":3,"minecraft:cobblestone":35,"minecraft:bow":2,"tombstone:gift":1,"immersiveengineering:crate":25,"minecraft:cooked_beef":8,"minecraft:potato":8},"minecraft:custom":{"minecraft:interact_with_furnace":2,"lootr:looted_stat":5,"minecraft:interact_with_anvil":1,"minecraft:mob_kills":33,"tombstone:raider_killed":4,"minecraft:interact_with_crafting_table":6,"minecraft:damage_dealt_resisted":0,"minecraft:leave_game":1,"minecraft:time_since_death":114691,"minecraft:climb_one_cm":1213,"minecraft:waystone_activated":1,"minecraft:time_since_rest":114691,"minecraft:sprint_one_cm":203130,"minecraft:walk_one_cm":135635,"minecraft:damage_taken":1519,"minecraft:drop":12,"minecraft:damage_dealt":5348,"minecraft:talked_to_villager":13,"minecraft:fly_one_cm":432119,"minecraft:open_chest":3,"minecraft:crouch_one_cm":3064,"minecraft:play_time":114691,"tombstone:undead_killed":17,"minecraft:sneak_time":1097,"minecraft:walk_under_water_one_cm":267,"minecraft:jump":2083,"minecraft:walk_on_water_one_cm":662,"minecraft:total_world_time":114691,"minecraft:fall_one_cm":74185},"minecraft:crafted":{"minecraft:wooden_sword":1,"minecraft:crafting_table":1,"minecraft:spruce_planks":1,"minecraft:wooden_pickaxe":1,"minecraft:birch_planks":7,"crafting_on_a_stick:crafting_table":1,"minecraft:stone_axe":1,"minecraft:air":338,"biomesoplenty:fir_planks":64,"minecraft:stick":10,"minecraft:stone_pickaxe":1,"minecraft:snow_block":24,"minecraft:stone_sword":1,"minecraft:torch":4},"minecraft:picked_up":{"minecraft:birch_log":7,"occultism:datura_seeds":1,"minecraft:crafting_table":5,"minecraft:wheat":1,"minecraft:cooked_beef":1,"croptopia:peach":3,"minecraft:chicken":1,"minecraft:anvil":2,"minecraft:birch_planks":1,"minecraft:enchanted_book":1,"minecraft:potato":6,"biomesoplenty:fir_log":64,"croptopia:calamari":2,"minecraft:oak_log":6,"minecraft:string":1,"immersiveengineering:treated_wood_vertical":1,"silentgear:sinew":1,"minecraft:dirt":17,"minecraft:lantern":1,"minecraft:item_frame":1,"bhc:red_heart":2,"minecraft:bone":8,"minecraft:cyan_carpet":9,"minecraft:apple":14,"croptopia:sweetpotato":1,"minecraft:bow":1,"minecraft:wheat_seeds":4,"mysticalagriculture:inferium_essence":6,"biomesoplenty:fir_planks":1,"minecraft:spruce_planks":1,"immersiveengineering:crate":28,"minecraft:spruce_slab":2,"minecraft:egg":3,"minecraft:book":3,"minecraft:raw_iron":5,"apotheosis:gem":7,"alltheores:raw_zinc":31,"patchouli:guide_book":1,"forbidden_arcanus:tentacle":1,"croptopia:starfruit":2,"minecraft:torch":5,"potionsmaster:bezoar":2,"minecraft:spruce_stairs":1,"minecraft:porkchop":7,"minecraft:stone_sword":1,"minecraft:carrot":6,"thermal:green_bean_seeds":1,"minecraft:ink_sac":1,"tombstone:grave_dust":7,"minecraft:spruce_log":1,"minecraft:grass_block":1,"minecraft:spider_eye":1,"minecraft:tnt":1,"easy_villagers:villager":1,"forbidden_arcanus:ender_pearl_fragment":2,"minecraft:diamond":2,"minecraft:arrow":9,"minecraft:rotten_flesh":10,"waystones:waystone":1,"minecraft:chainmail_leggings":1,"minecraft:oak_sapling":4,"minecraft:mutton":4,"minecraft:snowball":99,"minecraft:coal":62,"minecraft:white_wool":3,"minecraft:cobblestone":49},"minecraft:dropped":{"minecraft:stone_sword":2,"minecraft:cooked_beef":1,"minecraft:oak_log":6,"minecraft:diamond":1,"minecraft:crafting_table":1,"minecraft:apple":3,"patchouli:guide_book":1,"minecraft:leather_leggings":1,"minecraft:chainmail_boots":1,"minecraft:oak_sapling":4,"minecraft:cyan_carpet":9}},"DataVersion":3465}