{"stats":{"minecraft:killed":{"minecraft:spider":5,"thermal:blizz":1,"minecraft:skeleton":9,"minecraft:chicken":1,"minecraft:pig":5,"minecraft:sheep":3,"minecraft:pillager":12,"minecraft:zombie":11,"minecraft:cow":7,"minecraft:enderman":1},"minecraft:killed_by":{"thermal:blizz":1},"minecraft:mined":{"ars_nouveau:stripped_blue_archwood_log":1,"minecraft:spruce_planks":1,"alltheores:zinc_ore":31,"silentgear:wild_flax_plant":7,"farmersdelight:wild_carrots":7,"minecraft:grass_block":5,"minecraft:spruce_leaves":1,"minecraft:iron_ore":5,"minecraft:stripped_spruce_log":1,"minecraft:anvil":2,"minecraft:bookshelf":4,"minecraft:potatoes":1,"amendments:wall_lantern":1,"minecraft:lantern":1,"minecraft:stone":1,"minecraft:spruce_slab":3,"immersiveengineering:treated_wood_vertical":1,"minecraft:powder_snow":22,"croptopia:sweetpotato_crop":1,"minecraft:crafting_table":4,"minecraft:torch":6,"biomesoplenty:fir_planks":1,"minecraft:cobblestone":45,"minecraft:tall_grass":2,"minecraft:wall_torch":5,"minecraft:spruce_stairs":1,"minecraft:birch_planks":9,"minecraft:birch_log":7,"minecraft:spruce_log":3,"minecraft:tnt":2,"biomesoplenty:fir_log":64,"minecraft:grass":4,"minecraft:coal_ore":62,"minecraft:oak_log":18,"minecraft:cyan_carpet":2,"minecraft:dirt":9,"minecraft:oak_leaves":3,"immersiveengineering:crate":31,"minecraft:fern":1},"minecraft:broken":{"minecraft:leather_boots":1},"minecraft:used":{"minecraft:stone_sword":105,"croptopia:starfruit":2,"potionsmaster:bezoar":2,"minecraft:iron_sword":29,"minecraft:rotten_flesh":9,"minecraft:torch":14,"minecraft:dirt":12,"minecraft:carrot":11,"minecraft:iron_axe":11,"croptopia:peach":3,"minecraft:bow":2,"tombstone:gift":3,"immersiveengineering:crate":28,"minecraft:potato":8,"minecraft:cooked_beef":8,"minecraft:birch_planks":18,"minecraft:stone_pickaxe":104,"minecraft:oak_planks":4,"minecraft:wooden_pickaxe":45,"biomesoplenty:fir_planks":8,"farmersdelight:onion":14,"minecraft:crafting_table":4,"easy_villagers:villager":9,"minecraft:apple":11,"minecraft:stone_axe":67,"minecraft:wooden_sword":43,"minecraft:cobblestone":35},"minecraft:crafted":{"minecraft:wooden_sword":3,"minecraft:oak_planks":12,"minecraft:stone_pickaxe":1,"minecraft:crafting_table":3,"minecraft:spruce_planks":1,"minecraft:wooden_pickaxe":1,"minecraft:birch_planks":7,"crafting_on_a_stick:crafting_table":2,"minecraft:stone_axe":1,"minecraft:air":397,"biomesoplenty:fir_planks":64,"minecraft:stick":12,"minecraft:stone_sword":1,"minecraft:snow_block":24,"minecraft:torch":4},"minecraft:custom":{"lootr:looted_stat":8,"minecraft:mob_kills":56,"minecraft:interact_with_anvil":1,"minecraft:interact_with_crafting_table":7,"minecraft:damage_dealt_resisted":0,"minecraft:leave_game":1,"minecraft:time_since_death":2642,"minecraft:climb_one_cm":1963,"minecraft:sprint_one_cm":271236,"minecraft:walk_one_cm":167064,"minecraft:drop":79,"minecraft:talked_to_villager":13,"minecraft:play_time":138691,"minecraft:deaths":3,"minecraft:sneak_time":1229,"minecraft:walk_under_water_one_cm":708,"minecraft:jump":2852,"minecraft:walk_on_water_one_cm":2593,"minecraft:total_world_time":138691,"minecraft:interact_with_furnace":2,"tombstone:raider_killed":12,"minecraft:time_since_rest":2056,"minecraft:waystone_activated":1,"minecraft:damage_taken":3020,"minecraft:damage_dealt":8788,"minecraft:swim_one_cm":11755,"minecraft:fly_one_cm":620496,"minecraft:open_chest":3,"minecraft:crouch_one_cm":3201,"tombstone:undead_killed":20,"minecraft:fall_one_cm":100396},"minecraft:picked_up":{"minecraft:crafting_table":7,"minecraft:wheat":1,"minecraft:flower_pot":9,"minecraft:anvil":2,"minecraft:chicken":1,"croptopia:peach":3,"minecraft:stone_brick_wall":2,"minecraft:enchanted_book":1,"minecraft:stone_brick_stairs":20,"croptopia:calamari":2,"minecraft:cornflower":2,"immersiveengineering:treated_wood_vertical":1,"silentgear:sinew":4,"minecraft:string":7,"minecraft:wooden_sword":2,"minecraft:item_frame":2,"reliquary:chelicerae":4,"minecraft:cyan_carpet":9,"mysticalagriculture:inferium_essence":16,"biomesoplenty:fir_planks":1,"minecraft:spruce_planks":15,"minecraft:beef":14,"immersiveengineering:crate":31,"minecraft:spruce_slab":11,"farmersdelight:golden_knife":1,"minecraft:spruce_trapdoor":15,"minecraft:egg":3,"minecraft:stick":30,"minecraft:raw_iron":5,"apotheosis:gem":11,"alltheores:raw_zinc":31,"forbidden_arcanus:tentacle":1,"minecraft:torch":11,"potionsmaster:bezoar":2,"minecraft:spruce_stairs":1,"minecraft:porkchop":22,"tombstone:grave_dust":9,"minecraft:carrot":6,"easy_villagers:villager":1,"minecraft:tnt":1,"minecraft:stone_sword":1,"minecraft:arrow":10,"minecraft:rotten_flesh":14,"tombstone:essence_of_undeath":2,"minecraft:obsidian":3,"minecraft:mutton":4,"minecraft:iron_bars":4,"minecraft:snowball":99,"minecraft:white_wool":3,"minecraft:cobblestone":49,"minecraft:birch_log":7,"occultism:datura_seeds":1,"silentgear:flax_seeds":7,"minecraft:cooked_beef":1,"minecraft:leather":4,"minecraft:potato":6,"minecraft:birch_planks":9,"biomesoplenty:fir_log":64,"minecraft:oak_log":18,"evilcraft:flesh_humanoid":2,"minecraft:cobblestone_wall":2,"minecraft:dirt":17,"minecraft:lantern":1,"bhc:red_heart":4,"minecraft:bone":13,"silentgear:netherwood_sapling":2,"minecraft:apple":14,"minecraft:stone_bricks":6,"croptopia:sweetpotato":1,"minecraft:bow":1,"minecraft:wheat_seeds":4,"minecraft:stone_pickaxe":1,"tombstone:bag_of_seeds":2,"silentgear:crimson_iron_ingot":2,"minecraft:book":18,"patchouli:guide_book":1,"croptopia:starfruit":2,"pneumaticcraft:ingot_iron_compressed":1,"minecraft:ink_sac":1,"minecraft:grass_block":1,"minecraft:spruce_log":1,"thermal:green_bean_seeds":1,"minecraft:lily_of_the_valley":4,"minecraft:trapped_chest":2,"minecraft:spider_eye":1,"forbidden_arcanus:ender_pearl_fragment":2,"minecraft:diamond":2,"waystones:waystone":1,"minecraft:chainmail_leggings":2,"minecraft:crossbow":1,"minecraft:chainmail_helmet":2,"minecraft:oak_sapling":13,"minecraft:coal":62},"minecraft:dropped":{"minecraft:porkchop":15,"minecraft:cooked_beef":1,"minecraft:oak_log":6,"minecraft:diamond":1,"minecraft:crafting_table":1,"minecraft:crossbow":1,"minecraft:apple":3,"reliquary:chelicerae":3,"minecraft:stick":28,"tombstone:bag_of_seeds":3,"minecraft:cornflower":2,"immersiveengineering:crate":1,"tombstone:grave_dust":3,"minecraft:wooden_sword":2,"minecraft:chainmail_leggings":1,"minecraft:string":4,"minecraft:trapped_chest":2,"minecraft:cyan_carpet":9,"minecraft:bone":4,"minecraft:stone_sword":2,"minecraft:cobblestone_wall":2,"pneumaticcraft:transistor":3,"minecraft:rotten_flesh":2,"silentgear:netherwood_sapling":3,"evilcraft:flesh_humanoid":2,"patchouli:guide_book":1,"minecraft:lily_of_the_valley":4,"minecraft:flower_pot":9,"minecraft:spruce_trapdoor":15,"minecraft:stone_brick_wall":2,"mysticalagriculture:inferium_essence":10,"minecraft:oak_sapling":13,"minecraft:chainmail_boots":1,"minecraft:leather_leggings":1,"minecraft:stone_bricks":8,"tombstone:essence_of_undeath":1,"minecraft:spruce_slab":11,"minecraft:iron_bars":4,"minecraft:stone_pickaxe":1,"minecraft:stone_brick_stairs":20,"minecraft:egg":3}},"DataVersion":3465}