{"stats":{"minecraft:mined":{"minecraft:grass_block":3,"minecraft:dirt":7,"minecraft:cobblestone":45,"minecraft:spruce_leaves":1,"minecraft:spruce_log":1,"minecraft:powder_snow":11,"minecraft:crafting_table":1,"biomesoplenty:fir_log":64},"minecraft:used":{"minecraft:dirt":10,"minecraft:crafting_table":2,"minecraft:wooden_pickaxe":45,"minecraft:cooked_beef":1,"biomesoplenty:fir_planks":5},"minecraft:crafted":{"minecraft:wooden_sword":1,"biomesoplenty:fir_planks":64,"minecraft:crafting_table":1,"minecraft:stick":2,"minecraft:spruce_planks":1,"minecraft:stone_pickaxe":1,"minecraft:wooden_pickaxe":1,"minecraft:air":270},"minecraft:custom":{"minecraft:time_since_rest":7020,"minecraft:play_time":7020,"minecraft:crouch_one_cm":216,"lootr:looted_stat":1,"minecraft:sprint_one_cm":16677,"minecraft:damage_taken":20,"minecraft:walk_one_cm":7275,"minecraft:sneak_time":82,"minecraft:interact_with_anvil":1,"minecraft:drop":1,"minecraft:jump":214,"minecraft:time_since_death":7020,"minecraft:total_world_time":7020,"minecraft:interact_with_crafting_table":3,"minecraft:fall_one_cm":6225,"minecraft:fly_one_cm":53423},"minecraft:picked_up":{"minecraft:crafting_table":2,"biomesoplenty:fir_log":64,"minecraft:spruce_log":1,"minecraft:dirt":10,"minecraft:cobblestone":45},"minecraft:dropped":{"minecraft:crafting_table":1}},"DataVersion":3465}