{
  "dyenamics:recipes/misc/banner/navy_banner": {
    "criteria": {
      "has_stick": "2024-06-27 20:41:07 +0000"
    },
    "done": true
  },
  "supplementaries:recipes/flags/flag_magenta": {
    "criteria": {
      "has_stick": "2024-06-27 20:41:07 +0000"
    },
    "done": true
  },
  "constructionwand:recipes/tools/stone_wand": {
    "criteria": {
      "has_item": "2024-06-27 20:41:31 +0000"
    },
    "done": true
  },
  "minecraft:recipes/decorations/crafting_table": {
    "criteria": {
      "unlock_right_away": "2024-06-27 20:39:03 +0000"
    },
    "done": true
  },
  "mekanism:root": {
    "criteria": {
      "automatic": "2024-06-27 20:39:03 +0000"
    },
    "done": true
  },
  "solcarrot:recipes/food_book": {
    "criteria": {
      "has_book": "2024-06-27 20:40:35 +0000",
      "has_carrot": "2024-06-27 20:40:35 +0000"
    },
    "done": true
  },
  "farmersdelight:recipes/cooking/apple_cider": {
    "criteria": {
      "has_apple": "2024-06-27 20:40:36 +0000"
    },
    "done": true
  },
  "dyenamics:recipes/misc/banner/bubblegum_banner": {
    "criteria": {
      "has_stick": "2024-06-27 20:41:07 +0000"
    },
    "done": true
  },
  "irons_spellbooks:grant_patchouli": {
    "criteria": {
      "tick": "2024-06-27 20:39:03 +0000"
    },
    "done": true
  },
  "utilitix:recipes/misc/directional_highspeed_rail": {
    "criteria": {
      "criterion1": "2024-06-27 20:41:07 +0000"
    },
    "done": true
  },
  "framedblocks:recipes/building_blocks/framed_cube": {
    "criteria": {
      "hasPlanks": "2024-06-27 20:41:13 +0000"
    },
    "done": true
  },
  "utilitix:recipes/misc/armed_stand": {
    "criteria": {
      "criterion1": "2024-06-27 20:41:07 +0000"
    },
    "done": true
  },
  "minecraft:recipes/building_blocks/oak_slab": {
    "criteria": {
      "has_planks": "2024-06-27 20:41:13 +0000"
    },
    "done": true
  },
  "utilitix:recipes/misc/crude_furnace": {
    "criteria": {
      "criterion1": "2024-06-27 20:41:31 +0000"
    },
    "done": true
  },
  "enderio:recipes/misc/stone_gear": {
    "criteria": {
      "has_ingredient": "2024-06-27 20:41:31 +0000"
    },
    "done": true
  },
  "ae2wtlib:recipes/wireless_universal_terminal/upgrade_crafting": {
    "criteria": {
      "has_wct": "2024-06-27 20:40:35 +0000"
    },
    "done": true
  },
  "minecraft:recipes/redstone/oak_door": {
    "criteria": {
      "has_planks": "2024-06-27 20:41:13 +0000"
    },
    "done": true
  },
  "supplementaries:recipes/turn_table": {
    "criteria": {
      "minecraft:planks": "2024-06-27 20:41:13 +0000"
    },
    "done": true
  },
  "dyenamics:recipes/misc/banner/persimmon_banner": {
    "criteria": {
      "has_stick": "2024-06-27 20:41:07 +0000"
    },
    "done": true
  },
  "minecraft:recipes/building_blocks/cobblestone_slab": {
    "criteria": {
      "has_cobblestone": "2024-06-27 20:41:31 +0000"
    },
    "done": true
  },
  "minecraft:recipes/combat/wooden_sword": {
    "criteria": {
      "has_stick": "2024-06-27 20:41:07 +0000"
    },
    "done": true
  },
  "corail_woodcutter:recipes/from_mangrove_planks": {
    "criteria": {
      "has_ingredient": "2024-06-27 20:40:35 +0000"
    },
    "done": true
  },
  "supplementaries:recipes/flags/flag_green": {
    "criteria": {
      "has_stick": "2024-06-27 20:41:07 +0000"
    },
    "done": true
  },
  "minecraft:recipes/building_blocks/cobblestone_stairs": {
    "criteria": {
      "has_cobblestone": "2024-06-27 20:41:31 +0000"
    },
    "done": true
  },
  "supplementaries:recipes/flags/flag_white": {
    "criteria": {
      "has_stick": "2024-06-27 20:41:07 +0000"
    },
    "done": true
  },
  "supplementaries:recipes/timber_cross_brace": {
    "criteria": {
      "forge:rods/wooden": "2024-06-27 20:41:07 +0000"
    },
    "done": true
  },
  "utilitix:recipes/misc/directional_rail": {
    "criteria": {
      "criterion1": "2024-06-27 20:41:07 +0000"
    },
    "done": true
  },
  "utilitix:recipes/misc/reinforced_rail": {
    "criteria": {
      "criterion2": "2024-06-27 20:41:07 +0000"
    },
    "done": true
  },
  "minecraft:recipes/combat/stone_sword": {
    "criteria": {
      "has_cobblestone": "2024-06-27 20:41:31 +0000"
    },
    "done": true
  },
  "minecraft:recipes/decorations/cobblestone_wall": {
    "criteria": {
      "has_cobblestone": "2024-06-27 20:41:31 +0000"
    },
    "done": true
  },
  "minecraft:recipes/tools/stone_axe": {
    "criteria": {
      "has_cobblestone": "2024-06-27 20:41:31 +0000"
    },
    "done": true
  },
  "domum_ornamentum:recipes/building_blocks/blockbarreldeco_onside": {
    "criteria": {
      "has_stick": "2024-06-27 20:41:07 +0000"
    },
    "done": true
  },
  "croptopia:recipes/fruit_smoothie": {
    "criteria": {
      "has_fruit": "2024-06-27 20:40:36 +0000"
    },
    "done": true
  },
  "enderio:recipes/misc/wood_gear": {
    "criteria": {
      "has_ingredient": "2024-06-27 20:41:07 +0000"
    },
    "done": true
  },
  "silentgear:root": {
    "criteria": {
      "get_item": "2024-06-27 20:41:16 +0000"
    },
    "done": true
  },
  "ae2wtlib:recipes/wireless_pattern_encoding_terminal": {
    "criteria": {
      "has_wt": "2024-06-27 20:40:35 +0000"
    },
    "done": true
  },
  "corail_woodcutter:recipes/from_oak_planks": {
    "criteria": {
      "has_ingredient": "2024-06-27 20:40:35 +0000"
    },
    "done": true
  },
  "supplementaries:recipes/notice_board": {
    "criteria": {
      "minecraft:planks": "2024-06-27 20:41:13 +0000"
    },
    "done": true
  },
  "dyenamics:recipes/misc/banner/honey_banner": {
    "criteria": {
      "has_stick": "2024-06-27 20:41:07 +0000"
    },
    "done": true
  },
  "utilitarian:recipes/misc/snad/drit": {
    "criteria": {
      "has_dirt": "2024-06-27 20:41:26 +0000"
    },
    "done": true
  },
  "minecraft:recipes/tools/wooden_pickaxe": {
    "criteria": {
      "has_stick": "2024-06-27 20:41:07 +0000"
    },
    "done": true
  },
  "occultism:recipes/spirit_fire/spirit_fire/otherworld_sapling_natural": {
    "criteria": {
      "has_oak_sapling": "2024-06-27 20:40:35 +0000"
    },
    "done": true
  },
  "supplementaries:recipes/flags/flag_cyan": {
    "criteria": {
      "has_stick": "2024-06-27 20:41:07 +0000"
    },
    "done": true
  },
  "minecraft:story/upgrade_tools": {
    "criteria": {
      "stone_pickaxe": "2024-06-27 20:41:39 +0000"
    },
    "done": true
  },
  "forbidden_arcanus:recipes/tools/stone_blacksmith_gavel": {
    "criteria": {
      "has_stone_tool_materials": "2024-06-27 20:41:31 +0000"
    },
    "done": true
  },
  "ironfurnaces:coal": {
    "criteria": {
      "rainbowcoal": "2024-06-27 20:40:35 +0000"
    },
    "done": true
  },
  "domum_ornamentum:recipes/building_blocks/blockbarreldeco_standing": {
    "criteria": {
      "has_stick": "2024-06-27 20:41:07 +0000"
    },
    "done": true
  },
  "utilitarian:recipes/misc/utility/oak_logs_to_trapdoors": {
    "criteria": {
      "has_log": "2024-06-27 20:40:35 +0000"
    },
    "done": true
  },
  "corail_woodcutter:recipes/from_birch_planks": {
    "criteria": {
      "has_ingredient": "2024-06-27 20:40:35 +0000"
    },
    "done": true
  },
  "utilitarian:recipes/misc/utility/oak_logs_to_slabs": {
    "criteria": {
      "has_log": "2024-06-27 20:40:35 +0000"
    },
    "done": true
  },
  "corail_woodcutter:recipes/from_bamboo_planks": {
    "criteria": {
      "has_ingredient": "2024-06-27 20:40:35 +0000"
    },
    "done": true
  },
  "allthecompressed:recipes/building_blocks/compress/oak_planks_1x": {
    "criteria": {
      "has_oak_planks": "2024-06-27 20:41:13 +0000"
    },
    "done": true
  },
  "supplementaries:recipes/flags/flag_orange": {
    "criteria": {
      "has_stick": "2024-06-27 20:41:07 +0000"
    },
    "done": true
  },
  "minecraft:story/mine_stone": {
    "criteria": {
      "get_stone": "2024-06-27 20:41:31 +0000"
    },
    "done": true
  },
  "minecraft:recipes/decorations/furnace": {
    "criteria": {
      "has_cobblestone": "2024-06-27 20:41:31 +0000"
    },
    "done": true
  },
  "immersiveengineering:recipes/misc/crafting/torch": {
    "criteria": {
      "has_stick": "2024-06-27 20:41:07 +0000"
    },
    "done": true
  },
  "allthecompressed:recipes/building_blocks/compress/cobblestone_1x": {
    "criteria": {
      "has_cobblestone": "2024-06-27 20:41:31 +0000"
    },
    "done": true
  },
  "domum_ornamentum:recipes/tools/architectscutter": {
    "criteria": {
      "has_log": "2024-06-27 20:40:35 +0000"
    },
    "done": true
  },
  "dyenamics:recipes/misc/bed/amber_bed": {
    "criteria": {
      "has_plank": "2024-06-27 20:41:13 +0000"
    },
    "done": true
  },
  "corail_woodcutter:recipes/biomesoplenty/from_redwood_planks": {
    "criteria": {
      "has_ingredient": "2024-06-27 20:40:35 +0000"
    },
    "done": true
  },
  "croptopia:recipes/misc/apple_sapling": {
    "criteria": {
      "has_apple": "2024-06-27 20:40:36 +0000"
    },
    "done": true
  },
  "utilitarian:recipes/misc/utility/logs_to_bowls": {
    "criteria": {
      "has_log": "2024-06-27 20:40:35 +0000"
    },
    "done": true
  },
  "dyenamics:recipes/misc/banner/maroon_banner": {
    "criteria": {
      "has_stick": "2024-06-27 20:41:07 +0000"
    },
    "done": true
  },
  "ae2wtlib:recipes/wireless_universal_terminal/upgrade_pattern_encoding": {
    "criteria": {
      "has_wpt": "2024-06-27 20:40:35 +0000"
    },
    "done": true
  },
  "domum_ornamentum:recipes/tools/cobblestone_extra": {
    "criteria": {
      "has_material": "2024-06-27 20:41:31 +0000"
    },
    "done": true
  },
  "minecraft:recipes/misc/charcoal": {
    "criteria": {
      "has_log": "2024-06-27 20:40:35 +0000"
    },
    "done": true
  },
  "corail_woodcutter:recipes/from_bamboo_mosaic": {
    "criteria": {
      "has_ingredient": "2024-06-27 20:40:35 +0000"
    },
    "done": true
  },
  "dyenamics:recipes/misc/banner/cherenkov_banner": {
    "criteria": {
      "has_stick": "2024-06-27 20:41:07 +0000"
    },
    "done": true
  },
  "dyenamics:recipes/misc/banner/peach_banner": {
    "criteria": {
      "has_stick": "2024-06-27 20:41:07 +0000"
    },
    "done": true
  },
  "dyenamics:recipes/misc/bed/icy_blue_bed": {
    "criteria": {
      "has_plank": "2024-06-27 20:41:13 +0000"
    },
    "done": true
  },
  "utilitarian:recipes/misc/utility/oak_logs_to_pressure_plates": {
    "criteria": {
      "has_log": "2024-06-27 20:40:35 +0000"
    },
    "done": true
  },
  "minecraft:recipes/tools/wooden_shovel": {
    "criteria": {
      "has_stick": "2024-06-27 20:41:07 +0000"
    },
    "done": true
  },
  "supplementaries:recipes/clock_block": {
    "criteria": {
      "minecraft:planks": "2024-06-27 20:41:13 +0000"
    },
    "done": true
  },
  "utilitix:recipes/misc/hand_bell": {
    "criteria": {
      "criterion0": "2024-06-27 20:41:07 +0000"
    },
    "done": true
  },
  "utilitarian:recipes/misc/utility/oak_logs_to_doors": {
    "criteria": {
      "has_log": "2024-06-27 20:40:35 +0000"
    },
    "done": true
  },
  "utilitix:recipes/misc/comparator_redirector_up": {
    "criteria": {
      "criterion1": "2024-06-27 20:41:31 +0000"
    },
    "done": true
  },
  "dyenamics:recipes/misc/bed/navy_bed": {
    "criteria": {
      "has_plank": "2024-06-27 20:41:13 +0000"
    },
    "done": true
  },
  "minecraft:recipes/tools/stone_shovel": {
    "criteria": {
      "has_cobblestone": "2024-06-27 20:41:31 +0000"
    },
    "done": true
  },
  "tombstone:adventure/root": {
    "criteria": {
      "auto": "2024-06-27 20:39:04 +0000"
    },
    "done": true
  },
  "dyenamics:recipes/misc/bed/peach_bed": {
    "criteria": {
      "has_plank": "2024-06-27 20:41:13 +0000"
    },
    "done": true
  },
  "silentgear:recipes/misc/upgrade_base": {
    "criteria": {
      "has_item": "2024-06-27 20:41:13 +0000"
    },
    "done": true
  },
  "dyenamics:recipes/misc/banner/conifer_banner": {
    "criteria": {
      "has_stick": "2024-06-27 20:41:07 +0000"
    },
    "done": true
  },
  "dyenamics:recipes/misc/banner/fluorescent_banner": {
    "criteria": {
      "has_stick": "2024-06-27 20:41:07 +0000"
    },
    "done": true
  },
  "corail_woodcutter:recipes/biomesoplenty/from_hellbark_planks": {
    "criteria": {
      "has_ingredient": "2024-06-27 20:40:35 +0000"
    },
    "done": true
  },
  "supplementaries:recipes/flower_box": {
    "criteria": {
      "has_dirt": "2024-06-27 20:41:26 +0000"
    },
    "done": true
  },
  "corail_woodcutter:recipes/from_cherry_planks": {
    "criteria": {
      "has_ingredient": "2024-06-27 20:40:35 +0000"
    },
    "done": true
  },
  "forbidden_arcanus:recipes/building_blocks/edelwood_ladder": {
    "criteria": {
      "has_rods/wooden": "2024-06-27 20:41:07 +0000"
    },
    "done": true
  },
  "croptopia:recipes/misc/apple_pie": {
    "criteria": {
      "has_apple": "2024-06-27 20:40:36 +0000"
    },
    "done": true
  },
  "minecraft:recipes/building_blocks/oak_stairs": {
    "criteria": {
      "has_planks": "2024-06-27 20:41:13 +0000"
    },
    "done": true
  },
  "minecraft:recipes/decorations/oak_fence": {
    "criteria": {
      "has_planks": "2024-06-27 20:41:13 +0000"
    },
    "done": true
  },
  "enderio:recipes/misc/stick": {
    "criteria": {
      "has_ingredient": "2024-06-27 20:40:35 +0000"
    },
    "done": true
  },
  "supplementaries:recipes/speaker_block": {
    "criteria": {
      "minecraft:planks": "2024-06-27 20:41:13 +0000"
    },
    "done": true
  },
  "dyenamics:recipes/misc/banner/spring_green_banner": {
    "criteria": {
      "has_stick": "2024-06-27 20:41:07 +0000"
    },
    "done": true
  },
  "corail_woodcutter:recipes/biomesoplenty/from_willow_planks": {
    "criteria": {
      "has_ingredient": "2024-06-27 20:40:35 +0000"
    },
    "done": true
  },
  "dyenamics:recipes/misc/banner/ultramarine_banner": {
    "criteria": {
      "has_stick": "2024-06-27 20:41:07 +0000"
    },
    "done": true
  },
  "supplementaries:recipes/flags/flag_blue": {
    "criteria": {
      "has_stick": "2024-06-27 20:41:07 +0000"
    },
    "done": true
  },
  "corail_woodcutter:recipes/biomesoplenty/from_umbran_planks": {
    "criteria": {
      "has_ingredient": "2024-06-27 20:40:35 +0000"
    },
    "done": true
  },
  "corail_woodcutter:recipes/biomesoplenty/from_dead_planks": {
    "criteria": {
      "has_ingredient": "2024-06-27 20:40:35 +0000"
    },
    "done": true
  },
  "farmersdelight:main/root": {
    "criteria": {
      "seeds": "2024-06-27 20:40:35 +0000"
    },
    "done": true
  },
  "croptopia:recipes/documentation": {
    "criteria": {
      "has_crop": "2024-06-27 20:40:36 +0000"
    },
    "done": true
  },
  "corail_woodcutter:recipes/from_crimson_planks": {
    "criteria": {
      "has_ingredient": "2024-06-27 20:40:35 +0000"
    },
    "done": true
  },
  "supplementaries:recipes/flags/flag_light_gray": {
    "criteria": {
      "has_stick": "2024-06-27 20:41:07 +0000"
    },
    "done": true
  },
  "minecraft:adventure/adventuring_time": {
    "criteria": {
      "minecraft:plains": "2024-06-27 20:39:04 +0000"
    },
    "done": false
  },
  "supplementaries:recipes/pulley": {
    "criteria": {
      "minecraft:planks": "2024-06-27 20:41:13 +0000"
    },
    "done": true
  },
  "minecraft:recipes/building_blocks/cobblestone_stairs_from_cobblestone_stonecutting": {
    "criteria": {
      "has_cobblestone": "2024-06-27 20:41:31 +0000"
    },
    "done": true
  },
  "farmersdelight:recipes/decorations/cutting_board": {
    "criteria": {
      "has_stick": "2024-06-27 20:41:07 +0000"
    },
    "done": true
  },
  "minecraft:recipes/tools/stone_hoe": {
    "criteria": {
      "has_cobblestone": "2024-06-27 20:41:31 +0000"
    },
    "done": true
  },
  "minecraft:story/root": {
    "criteria": {
      "crafting_table": "2024-06-27 20:41:16 +0000"
    },
    "done": true
  },
  "supplementaries:recipes/flags/flag_lime": {
    "criteria": {
      "has_stick": "2024-06-27 20:41:07 +0000"
    },
    "done": true
  },
  "minecraft:recipes/decorations/ladder": {
    "criteria": {
      "has_stick": "2024-06-27 20:41:07 +0000"
    },
    "done": true
  },
  "croptopia:recipes/misc/apple_juice": {
    "criteria": {
      "has_apple": "2024-06-27 20:40:36 +0000"
    },
    "done": true
  },
  "dyenamics:recipes/misc/banner/amber_banner": {
    "criteria": {
      "has_stick": "2024-06-27 20:41:07 +0000"
    },
    "done": true
  },
  "paraglider:root": {
    "criteria": {
      "crafting_table": "2024-06-27 20:41:16 +0000"
    },
    "done": true
  },
  "create:root": {
    "criteria": {
      "0": "2024-06-27 20:40:35 +0000"
    },
    "done": true
  },
  "minecraft:recipes/tools/wooden_axe": {
    "criteria": {
      "has_stick": "2024-06-27 20:41:07 +0000"
    },
    "done": true
  },
  "ae2wtlib:recipes/wireless_universal_terminal/upgrade_pattern_access": {
    "criteria": {
      "has_wit": "2024-06-27 20:40:35 +0000"
    },
    "done": true
  },
  "dyenamics:recipes/misc/bed/bubblegum_bed": {
    "criteria": {
      "has_plank": "2024-06-27 20:41:13 +0000"
    },
    "done": true
  },
  "minecraft:recipes/misc/stick": {
    "criteria": {
      "has_planks": "2024-06-27 20:41:13 +0000"
    },
    "done": true
  },
  "corail_woodcutter:recipes/from_acacia_planks": {
    "criteria": {
      "has_ingredient": "2024-06-27 20:40:35 +0000"
    },
    "done": true
  },
  "utilitix:recipes/misc/weak_redstone_torch": {
    "criteria": {
      "criterion1": "2024-06-27 20:41:07 +0000"
    },
    "done": true
  },
  "corail_woodcutter:recipes/from_dark_oak_planks": {
    "criteria": {
      "has_ingredient": "2024-06-27 20:40:35 +0000"
    },
    "done": true
  },
  "supplementaries:recipes/daub_cross_brace": {
    "criteria": {
      "forge:rods/wooden": "2024-06-27 20:41:07 +0000"
    },
    "done": true
  },
  "corail_woodcutter:recipes/from_jungle_planks": {
    "criteria": {
      "has_ingredient": "2024-06-27 20:40:35 +0000"
    },
    "done": true
  },
  "minecraft:recipes/decorations/campfire": {
    "criteria": {
      "has_stick": "2024-06-27 20:41:07 +0000"
    },
    "done": true
  },
  "utilitarian:recipes/misc/no_soliciting/no_soliciting_banner": {
    "criteria": {
      "has_stick": "2024-06-27 20:41:07 +0000"
    },
    "done": true
  },
  "rftoolsbase:recipes/rftoolsbase/crafting_card": {
    "criteria": {
      "crafter": "2024-06-27 20:41:16 +0000"
    },
    "done": true
  },
  "utilitarian:recipes/misc/utility/oak_logs_to_stairs": {
    "criteria": {
      "has_log": "2024-06-27 20:40:35 +0000"
    },
    "done": true
  },
  "supplementaries:recipes/timber_brace": {
    "criteria": {
      "forge:rods/wooden": "2024-06-27 20:41:07 +0000"
    },
    "done": true
  },
  "ae2wtlib:recipes/wireless_pattern_access_terminal": {
    "criteria": {
      "has_wt": "2024-06-27 20:40:35 +0000"
    },
    "done": true
  },
  "dyenamics:recipes/misc/bed/lavender_bed": {
    "criteria": {
      "has_plank": "2024-06-27 20:41:13 +0000"
    },
    "done": true
  },
  "dyenamics:recipes/misc/bed/conifer_bed": {
    "criteria": {
      "has_plank": "2024-06-27 20:41:13 +0000"
    },
    "done": true
  },
  "corail_woodcutter:recipes/biomesoplenty/from_mahogany_planks": {
    "criteria": {
      "has_ingredient": "2024-06-27 20:40:35 +0000"
    },
    "done": true
  },
  "naturescompass:natures_compass_sapling": {
    "criteria": {
      "has_sapling": "2024-06-27 20:40:35 +0000"
    },
    "done": true
  },
  "dyenamics:recipes/misc/banner/aquamarine_banner": {
    "criteria": {
      "has_stick": "2024-06-27 20:41:07 +0000"
    },
    "done": true
  },
  "paraglider:recipes/misc/paraglider": {
    "criteria": {
      "has_stick": "2024-06-27 20:41:07 +0000"
    },
    "done": true
  },
  "supplementaries:recipes/flags/flag_black": {
    "criteria": {
      "has_stick": "2024-06-27 20:41:07 +0000"
    },
    "done": true
  },
  "minecraft:recipes/building_blocks/oak_planks": {
    "criteria": {
      "has_logs": "2024-06-27 20:40:35 +0000"
    },
    "done": true
  },
  "utilitarian:recipes/misc/utility/oak_logs_to_boats": {
    "criteria": {
      "has_log": "2024-06-27 20:40:35 +0000"
    },
    "done": true
  },
  "minecraft:recipes/decorations/cobblestone_wall_from_cobblestone_stonecutting": {
    "criteria": {
      "has_cobblestone": "2024-06-27 20:41:31 +0000"
    },
    "done": true
  },
  "supplementaries:recipes/flags/flag_purple": {
    "criteria": {
      "has_stick": "2024-06-27 20:41:07 +0000"
    },
    "done": true
  },
  "dyenamics:recipes/misc/bed/maroon_bed": {
    "criteria": {
      "has_plank": "2024-06-27 20:41:13 +0000"
    },
    "done": true
  },
  "dyenamics:recipes/misc/banner/wine_banner": {
    "criteria": {
      "has_stick": "2024-06-27 20:41:07 +0000"
    },
    "done": true
  },
  "minecraft:recipes/redstone/lever": {
    "criteria": {
      "has_cobblestone": "2024-06-27 20:41:31 +0000"
    },
    "done": true
  },
  "corail_woodcutter:recipes/biomesoplenty/from_magic_planks": {
    "criteria": {
      "has_ingredient": "2024-06-27 20:40:35 +0000"
    },
    "done": true
  },
  "minecraft:recipes/redstone/oak_trapdoor": {
    "criteria": {
      "has_planks": "2024-06-27 20:41:13 +0000"
    },
    "done": true
  },
  "sophisticatedstorage:recipes/misc/oak_limited_barrel_1": {
    "criteria": {
      "has_oak_plank": "2024-06-27 20:41:13 +0000"
    },
    "done": true
  },
  "sophisticatedstorage:recipes/misc/oak_limited_barrel_2": {
    "criteria": {
      "has_oak_plank": "2024-06-27 20:41:13 +0000"
    },
    "done": true
  },
  "sophisticatedstorage:recipes/misc/oak_limited_barrel_3": {
    "criteria": {
      "has_oak_plank": "2024-06-27 20:41:13 +0000"
    },
    "done": true
  },
  "sophisticatedstorage:recipes/misc/oak_limited_barrel_4": {
    "criteria": {
      "has_oak_plank": "2024-06-27 20:41:13 +0000"
    },
    "done": true
  },
  "supplementaries:recipes/flags/flag_gray": {
    "criteria": {
      "has_stick": "2024-06-27 20:41:07 +0000"
    },
    "done": true
  },
  "supplementaries:recipes/faucet": {
    "criteria": {
      "forge:rods/wooden": "2024-06-27 20:41:07 +0000"
    },
    "done": true
  },
  "dyenamics:recipes/misc/bed/honey_bed": {
    "criteria": {
      "has_plank": "2024-06-27 20:41:13 +0000"
    },
    "done": true
  },
  "supplementaries:recipes/bed_from_feather_block": {
    "criteria": {
      "minecraft:planks": "2024-06-27 20:41:13 +0000"
    },
    "done": true
  },
  "supplementaries:recipes/checker": {
    "criteria": {
      "has_cobblestone": "2024-06-27 20:41:31 +0000"
    },
    "done": true
  },
  "utilitix:recipes/misc/highspeed_rail": {
    "criteria": {
      "criterion1": "2024-06-27 20:41:07 +0000"
    },
    "done": true
  },
  "supplementaries:recipes/flags/flag_light_blue": {
    "criteria": {
      "has_stick": "2024-06-27 20:41:07 +0000"
    },
    "done": true
  },
  "supplementaries:recipes/daub_brace": {
    "criteria": {
      "forge:rods/wooden": "2024-06-27 20:41:07 +0000"
    },
    "done": true
  },
  "dyenamics:recipes/misc/banner/rose_banner": {
    "criteria": {
      "has_stick": "2024-06-27 20:41:07 +0000"
    },
    "done": true
  },
  "dyenamics:recipes/misc/bed/persimmon_bed": {
    "criteria": {
      "has_plank": "2024-06-27 20:41:13 +0000"
    },
    "done": true
  },
  "corail_woodcutter:recipes/from_warped_planks": {
    "criteria": {
      "has_ingredient": "2024-06-27 20:40:35 +0000"
    },
    "done": true
  },
  "corail_woodcutter:recipes/biomesoplenty/from_jacaranda_planks": {
    "criteria": {
      "has_ingredient": "2024-06-27 20:40:35 +0000"
    },
    "done": true
  },
  "utilitix:recipes/misc/comparator_redirector_down": {
    "criteria": {
      "criterion1": "2024-06-27 20:41:31 +0000"
    },
    "done": true
  },
  "dyenamics:recipes/misc/bed/wine_bed": {
    "criteria": {
      "has_plank": "2024-06-27 20:41:13 +0000"
    },
    "done": true
  },
  "minecraft:recipes/redstone/oak_pressure_plate": {
    "criteria": {
      "has_planks": "2024-06-27 20:41:13 +0000"
    },
    "done": true
  },
  "dyenamics:recipes/misc/banner/icy_blue_banner": {
    "criteria": {
      "has_stick": "2024-06-27 20:41:07 +0000"
    },
    "done": true
  },
  "supplementaries:recipes/flags/flag_red": {
    "criteria": {
      "has_stick": "2024-06-27 20:41:07 +0000"
    },
    "done": true
  },
  "dyenamics:recipes/misc/bed/rose_bed": {
    "criteria": {
      "has_plank": "2024-06-27 20:41:13 +0000"
    },
    "done": true
  },
  "dyenamics:recipes/misc/bed/spring_green_bed": {
    "criteria": {
      "has_plank": "2024-06-27 20:41:13 +0000"
    },
    "done": true
  },
  "dyenamics:recipes/misc/bed/ultramarine_bed": {
    "criteria": {
      "has_plank": "2024-06-27 20:41:13 +0000"
    },
    "done": true
  },
  "supplementaries:recipes/crank": {
    "criteria": {
      "forge:rods/wooden": "2024-06-27 20:41:07 +0000"
    },
    "done": true
  },
  "minecraft:recipes/decorations/oak_sign": {
    "criteria": {
      "has_planks": "2024-06-27 20:41:13 +0000"
    },
    "done": true
  },
  "ae2wtlib:recipes/magnet_card": {
    "criteria": {
      "has_wct": "2024-06-27 20:40:35 +0000"
    },
    "done": true
  },
  "supplementaries:recipes/lock_block": {
    "criteria": {
      "minecraft:planks": "2024-06-27 20:41:13 +0000"
    },
    "done": true
  },
  "create:recipes/misc/crafting/appliances/crafting_blueprint": {
    "criteria": {
      "has_item": "2024-06-27 20:41:16 +0000"
    },
    "done": true
  },
  "naturescompass:natures_compass": {
    "criteria": {
      "has_recipe": "2024-06-27 20:40:35 +0000"
    },
    "done": true
  },
  "corail_woodcutter:recipes/biomesoplenty/from_palm_planks": {
    "criteria": {
      "has_ingredient": "2024-06-27 20:40:35 +0000"
    },
    "done": true
  },
  "minecraft:recipes/building_blocks/cobblestone_slab_from_cobblestone_stonecutting": {
    "criteria": {
      "has_cobblestone": "2024-06-27 20:41:31 +0000"
    },
    "done": true
  },
  "minecraft:recipes/building_blocks/stone": {
    "criteria": {
      "has_cobblestone": "2024-06-27 20:41:31 +0000"
    },
    "done": true
  },
  "allthecompressed:recipes/building_blocks/compress/dirt_1x": {
    "criteria": {
      "has_dirt": "2024-06-27 20:41:26 +0000"
    },
    "done": true
  },
  "silentgear:recipes/misc/stone_rod": {
    "criteria": {
      "has_item": "2024-06-27 20:41:31 +0000"
    },
    "done": true
  },
  "dyenamics:recipes/misc/bed/mint_bed": {
    "criteria": {
      "has_plank": "2024-06-27 20:41:13 +0000"
    },
    "done": true
  },
  "supplementaries:recipes/flags/flag_pink": {
    "criteria": {
      "has_stick": "2024-06-27 20:41:07 +0000"
    },
    "done": true
  },
  "ae2wtlib:recipes/wireless_universal_terminal/ce": {
    "criteria": {
      "has_wpt": "2024-06-27 20:40:35 +0000",
      "has_wct": "2024-06-27 20:40:35 +0000"
    },
    "done": true
  },
  "minecraft:recipes/tools/stone_pickaxe": {
    "criteria": {
      "has_cobblestone": "2024-06-27 20:41:31 +0000"
    },
    "done": true
  },
  "ae2wtlib:recipes/wireless_universal_terminal/ca": {
    "criteria": {
      "has_wit": "2024-06-27 20:40:35 +0000",
      "has_wct": "2024-06-27 20:40:35 +0000"
    },
    "done": true
  },
  "supplementaries:recipes/timber_frame": {
    "criteria": {
      "forge:rods/wooden": "2024-06-27 20:41:07 +0000"
    },
    "done": true
  },
  "minecraft:recipes/tools/wooden_hoe": {
    "criteria": {
      "has_stick": "2024-06-27 20:41:07 +0000"
    },
    "done": true
  },
  "ae2wtlib:recipes/wireless_universal_terminal/ae": {
    "criteria": {
      "has_wit": "2024-06-27 20:40:35 +0000",
      "has_wpt": "2024-06-27 20:40:35 +0000"
    },
    "done": true
  },
  "botania:recipes/tools/lexicon": {
    "criteria": {
      "has_item": "2024-06-27 20:40:35 +0000"
    },
    "done": true
  },
  "sophisticatedstorage:recipes/misc/oak_chest": {
    "criteria": {
      "has_oak_plank": "2024-06-27 20:41:13 +0000"
    },
    "done": true
  },
  "minecraft:recipes/redstone/oak_fence_gate": {
    "criteria": {
      "has_planks": "2024-06-27 20:41:13 +0000"
    },
    "done": true
  },
  "naturescompass:natures_compass_log": {
    "criteria": {
      "has_recipe": "2024-06-27 20:40:35 +0000"
    },
    "done": true
  },
  "enderio:recipes/misc/wood_gear_corner": {
    "criteria": {
      "has_ingredient": "2024-06-27 20:41:07 +0000"
    },
    "done": true
  },
  "supplementaries:recipes/slingshot": {
    "criteria": {
      "forge:rods/wooden": "2024-06-27 20:41:07 +0000"
    },
    "done": true
  },
  "dyenamics:recipes/misc/bed/fluorescent_bed": {
    "criteria": {
      "has_plank": "2024-06-27 20:41:13 +0000"
    },
    "done": true
  },
  "dyenamics:recipes/misc/banner/lavender_banner": {
    "criteria": {
      "has_stick": "2024-06-27 20:41:07 +0000"
    },
    "done": true
  },
  "allthecompressed:recipes/building_blocks/compress/oak_log_1x": {
    "criteria": {
      "has_oak_log": "2024-06-27 20:40:35 +0000"
    },
    "done": true
  },
  "minecraft:recipes/decorations/barrel": {
    "criteria": {
      "has_planks": "2024-06-27 20:41:13 +0000"
    },
    "done": true
  },
  "minecraft:recipes/building_blocks/oak_wood": {
    "criteria": {
      "has_log": "2024-06-27 20:40:35 +0000"
    },
    "done": true
  },
  "ae2wtlib:recipes/quantum_bridge_card": {
    "criteria": {
      "has_wit": "2024-06-27 20:40:35 +0000",
      "has_wpt": "2024-06-27 20:40:35 +0000",
      "has_wct": "2024-06-27 20:40:35 +0000"
    },
    "done": true
  },
  "ae2:recipes/misc/network/blocks/crank": {
    "criteria": {
      "has_stick": "2024-06-27 20:41:07 +0000"
    },
    "done": true
  },
  "domum_ornamentum:recipes/tools/blue_cobblestone_extra": {
    "criteria": {
      "has_material": "2024-06-27 20:41:31 +0000"
    },
    "done": true
  },
  "silentgear:recipes/misc/rough_rod": {
    "criteria": {
      "has_item": "2024-06-27 20:41:07 +0000"
    },
    "done": true
  },
  "dyenamics:recipes/misc/bed/cherenkov_bed": {
    "criteria": {
      "has_plank": "2024-06-27 20:41:13 +0000"
    },
    "done": true
  },
  "supplementaries:recipes/flags/flag_brown": {
    "criteria": {
      "has_stick": "2024-06-27 20:41:07 +0000"
    },
    "done": true
  },
  "farmersdelight:recipes/combat/flint_knife": {
    "criteria": {
      "has_stick": "2024-06-27 20:41:07 +0000"
    },
    "done": true
  },
  "sophisticatedstorage:recipes/misc/oak_barrel": {
    "criteria": {
      "has_oak_plank": "2024-06-27 20:41:13 +0000"
    },
    "done": true
  },
  "utilitarian:recipes/food/utility/charcoal_from_campfire": {
    "criteria": {
      "has_logs": "2024-06-27 20:40:35 +0000"
    },
    "done": true
  },
  "dyenamics:recipes/misc/bed/aquamarine_bed": {
    "criteria": {
      "has_plank": "2024-06-27 20:41:13 +0000"
    },
    "done": true
  },
  "lootr:root": {
    "criteria": {
      "always_true": "2024-06-27 20:39:03 +0000"
    },
    "done": true
  },
  "cataclysm:root": {
    "criteria": {
      "custom_test_name": "2024-06-27 20:39:03 +0000"
    },
    "done": true
  },
  "minecraft:recipes/redstone/oak_button": {
    "criteria": {
      "has_planks": "2024-06-27 20:41:13 +0000"
    },
    "done": true
  },
  "minecraft:recipes/decorations/torch": {
    "criteria": {
      "has_stone_pickaxe": "2024-06-27 20:41:39 +0000"
    },
    "done": true
  },
  "forbidden_arcanus:recipes/tools/wooden_blacksmith_gavel": {
    "criteria": {
      "has_planks": "2024-06-27 20:41:13 +0000"
    },
    "done": true
  },
  "additionallanterns:recipes/misc/cobblestone_chain": {
    "criteria": {
      "recipe_condition": "2024-06-27 20:41:31 +0000"
    },
    "done": true
  },
  "supplementaries:recipes/daub_frame": {
    "criteria": {
      "forge:rods/wooden": "2024-06-27 20:41:07 +0000"
    },
    "done": true
  },
  "domum_ornamentum:recipes/tools/green_cobblestone_extra": {
    "criteria": {
      "has_material": "2024-06-27 20:41:31 +0000"
    },
    "done": true
  },
  "dyenamics:recipes/misc/banner/mint_banner": {
    "criteria": {
      "has_stick": "2024-06-27 20:41:07 +0000"
    },
    "done": true
  },
  "railcraft:grant_book_on_first_join": {
    "criteria": {
      "tick": "2024-06-27 20:39:03 +0000"
    },
    "done": true
  },
  "supplementaries:recipes/flags/flag_yellow": {
    "criteria": {
      "has_stick": "2024-06-27 20:41:07 +0000"
    },
    "done": true
  },
  "croptopia:recipes/fruit_salad": {
    "criteria": {
      "has_apple": "2024-06-27 20:40:36 +0000"
    },
    "done": true
  },
  "create:recipes/building_blocks/oak_window": {
    "criteria": {
      "has_ingredient": "2024-06-27 20:41:13 +0000"
    },
    "done": true
  },
  "occultism:occultism/root": {
    "criteria": {
      "occultism_present": "2024-06-27 20:39:03 +0000"
    },
    "done": true
  },
  "corail_woodcutter:recipes/biomesoplenty/from_fir_planks": {
    "criteria": {
      "has_ingredient": "2024-06-27 20:40:35 +0000"
    },
    "done": true
  },
  "corail_woodcutter:recipes/from_spruce_planks": {
    "criteria": {
      "has_ingredient": "2024-06-27 20:40:35 +0000"
    },
    "done": true
  },
  "domum_ornamentum:recipes/tools/purple_cobblestone_extra": {
    "criteria": {
      "has_material": "2024-06-27 20:41:31 +0000"
    },
    "done": true
  },
  "DataVersion": 3465
}