{
  "dyenamics:recipes/misc/banner/navy_banner": {
    "criteria": {
      "has_stick": "2024-06-27 21:51:11 +0000"
    },
    "done": true
  },
  "biomesoplenty:recipes/transportation/willow_boat": {
    "criteria": {
      "in_water": "2024-06-27 21:56:35 +0000"
    },
    "done": true
  },
  "supplementaries:recipes/flags/flag_magenta": {
    "criteria": {
      "has_stick": "2024-06-27 21:51:11 +0000"
    },
    "done": true
  },
  "utilitarian:recipes/misc/utility/spruce_logs_to_slabs": {
    "criteria": {
      "has_log": "2024-06-27 21:54:47 +0000"
    },
    "done": true
  },
  "minecraft:recipes/decorations/crafting_table": {
    "criteria": {
      "unlock_right_away": "2024-06-27 21:45:53 +0000"
    },
    "done": true
  },
  "minecraft:recipes/decorations/chest": {
    "criteria": {
      "has_lots_of_items": "2024-06-27 21:53:00 +0000"
    },
    "done": true
  },
  "mekanism:root": {
    "criteria": {
      "automatic": "2024-06-27 21:45:53 +0000"
    },
    "done": true
  },
  "additionallanterns:recipes/misc/normal_lantern_magenta": {
    "criteria": {
      "recipe_condition": "2024-06-27 21:56:04 +0000"
    },
    "done": true
  },
  "dyenamics:recipes/misc/bed/honey_bed_frm_white_bed": {
    "criteria": {
      "has_white_bed": "2024-06-27 21:57:02 +0000"
    },
    "done": true
  },
  "solcarrot:recipes/food_book": {
    "criteria": {
      "has_book": "2024-06-27 21:47:02 +0000",
      "has_carrot": "2024-06-27 21:47:02 +0000"
    },
    "done": true
  },
  "biomesoplenty:recipes/transportation/dead_boat": {
    "criteria": {
      "in_water": "2024-06-27 21:56:35 +0000"
    },
    "done": true
  },
  "biomesoplenty:recipes/transportation/magic_boat": {
    "criteria": {
      "in_water": "2024-06-27 21:56:35 +0000"
    },
    "done": true
  },
  "farmersdelight:recipes/cooking/apple_cider": {
    "criteria": {
      "has_apple": "2024-06-27 21:59:57 +0000"
    },
    "done": true
  },
  "dyenamics:recipes/misc/banner/bubblegum_banner": {
    "criteria": {
      "has_stick": "2024-06-27 21:51:11 +0000"
    },
    "done": true
  },
  "irons_spellbooks:grant_patchouli": {
    "criteria": {
      "tick": "2024-06-27 21:45:53 +0000"
    },
    "done": true
  },
  "utilitix:recipes/misc/directional_highspeed_rail": {
    "criteria": {
      "criterion1": "2024-06-27 21:51:11 +0000"
    },
    "done": true
  },
  "allthecompressed:recipes/building_blocks/compress/spruce_log_1x": {
    "criteria": {
      "has_spruce_log": "2024-06-27 21:54:47 +0000"
    },
    "done": true
  },
  "sophisticatedstorage:recipes/misc/spruce_limited_barrel_2": {
    "criteria": {
      "has_spruce_plank": "2024-06-27 21:54:53 +0000"
    },
    "done": true
  },
  "sophisticatedstorage:recipes/misc/spruce_limited_barrel_1": {
    "criteria": {
      "has_spruce_plank": "2024-06-27 21:54:53 +0000"
    },
    "done": true
  },
  "sophisticatedstorage:recipes/misc/spruce_limited_barrel_4": {
    "criteria": {
      "has_spruce_plank": "2024-06-27 21:54:53 +0000"
    },
    "done": true
  },
  "sophisticatedstorage:recipes/misc/spruce_limited_barrel_3": {
    "criteria": {
      "has_spruce_plank": "2024-06-27 21:54:53 +0000"
    },
    "done": true
  },
  "reliquary:recipes/misc/uncrafting/gold_nugget": {
    "criteria": {
      "has_zombie_heart": "2024-06-27 21:48:48 +0000"
    },
    "done": true
  },
  "framedblocks:recipes/building_blocks/framed_cube": {
    "criteria": {
      "hasPlanks": "2024-06-27 21:50:06 +0000"
    },
    "done": true
  },
  "utilitix:recipes/misc/armed_stand": {
    "criteria": {
      "criterion1": "2024-06-27 21:51:11 +0000"
    },
    "done": true
  },
  "minecraft:recipes/building_blocks/oak_slab": {
    "criteria": {
      "has_planks": "2024-06-27 21:50:06 +0000"
    },
    "done": true
  },
  "reliquary:recipes/misc/mob_charm_fragments/zombie": {
    "criteria": {
      "has_zombie_heart": "2024-06-27 21:48:48 +0000"
    },
    "done": true
  },
  "ae2wtlib:recipes/wireless_universal_terminal/upgrade_crafting": {
    "criteria": {
      "has_wct": "2024-06-27 21:47:02 +0000"
    },
    "done": true
  },
  "tombstone:adventure/first_grave": {
    "criteria": {
      "coded_trigger": "2024-06-27 21:46:17 +0000"
    },
    "done": true
  },
  "evilcraft:cannibal": {
    "criteria": {
      "criteria_0": "2024-06-27 21:53:42 +0000"
    },
    "done": true
  },
  "minecraft:recipes/redstone/oak_door": {
    "criteria": {
      "has_planks": "2024-06-27 21:50:06 +0000"
    },
    "done": true
  },
  "additionallanterns:recipes/misc/normal_lantern_light_gray": {
    "criteria": {
      "recipe_condition": "2024-06-27 21:56:04 +0000"
    },
    "done": true
  },
  "supplementaries:recipes/turn_table": {
    "criteria": {
      "minecraft:planks": "2024-06-27 21:50:06 +0000"
    },
    "done": true
  },
  "reliquary:recipes/misc/uncrafting/rotten_flesh": {
    "criteria": {
      "has_zombie_heart": "2024-06-27 21:48:48 +0000"
    },
    "done": true
  },
  "dyenamics:recipes/misc/banner/persimmon_banner": {
    "criteria": {
      "has_stick": "2024-06-27 21:51:11 +0000"
    },
    "done": true
  },
  "croptopia:getseeds": {
    "criteria": {
      "has_seeds": "2024-06-27 21:53:00 +0000"
    },
    "done": true
  },
  "utilitix:recipes/misc/mob_bell": {
    "criteria": {
      "criterion8": "2024-06-27 21:48:46 +0000"
    },
    "done": true
  },
  "additionallanterns:recipes/misc/normal_lantern_black": {
    "criteria": {
      "recipe_condition": "2024-06-27 21:56:04 +0000"
    },
    "done": true
  },
  "minecraft:recipes/combat/wooden_sword": {
    "criteria": {
      "has_stick": "2024-06-27 21:51:11 +0000"
    },
    "done": true
  },
  "corail_woodcutter:recipes/from_mangrove_planks": {
    "criteria": {
      "has_ingredient": "2024-06-27 21:47:02 +0000"
    },
    "done": true
  },
  "supplementaries:recipes/flags/flag_green": {
    "criteria": {
      "has_stick": "2024-06-27 21:51:11 +0000"
    },
    "done": true
  },
  "supplementaries:recipes/flags/flag_white": {
    "criteria": {
      "has_stick": "2024-06-27 21:51:11 +0000"
    },
    "done": true
  },
  "supplementaries:recipes/timber_cross_brace": {
    "criteria": {
      "forge:rods/wooden": "2024-06-27 21:51:11 +0000"
    },
    "done": true
  },
  "utilitix:recipes/misc/directional_rail": {
    "criteria": {
      "criterion1": "2024-06-27 21:51:11 +0000"
    },
    "done": true
  },
  "utilitix:recipes/misc/reinforced_rail": {
    "criteria": {
      "criterion2": "2024-06-27 21:51:11 +0000"
    },
    "done": true
  },
  "minecraft:recipes/decorations/spruce_sign": {
    "criteria": {
      "has_planks": "2024-06-27 21:54:53 +0000"
    },
    "done": true
  },
  "domum_ornamentum:recipes/building_blocks/blockbarreldeco_onside": {
    "criteria": {
      "has_planks": "2024-06-27 21:50:06 +0000"
    },
    "done": true
  },
  "minecraft:recipes/decorations/glow_item_frame": {
    "criteria": {
      "has_item_frame": "2024-06-27 21:54:37 +0000"
    },
    "done": true
  },
  "twilightforest:recipes/transportation/mangrove_boat": {
    "criteria": {
      "in_water": "2024-06-27 21:56:35 +0000"
    },
    "done": true
  },
  "croptopia:recipes/fruit_smoothie": {
    "criteria": {
      "has_fruit": "2024-06-27 21:59:57 +0000"
    },
    "done": true
  },
  "enderio:recipes/misc/wood_gear": {
    "criteria": {
      "has_ingredient": "2024-06-27 21:51:11 +0000"
    },
    "done": true
  },
  "utilitarian:recipes/misc/utility/spruce_logs_to_stairs": {
    "criteria": {
      "has_log": "2024-06-27 21:54:47 +0000"
    },
    "done": true
  },
  "silentgear:root": {
    "criteria": {
      "get_item": "2024-06-27 21:50:36 +0000"
    },
    "done": true
  },
  "dyenamics:recipes/misc/bed/amber_bed_frm_white_bed": {
    "criteria": {
      "has_white_bed": "2024-06-27 21:57:02 +0000"
    },
    "done": true
  },
  "ae2wtlib:recipes/wireless_pattern_encoding_terminal": {
    "criteria": {
      "has_wt": "2024-06-27 21:47:02 +0000"
    },
    "done": true
  },
  "corail_woodcutter:recipes/from_oak_planks": {
    "criteria": {
      "has_ingredient": "2024-06-27 21:47:02 +0000"
    },
    "done": true
  },
  "biomesoplenty:recipes/transportation/redwood_boat": {
    "criteria": {
      "in_water": "2024-06-27 21:56:35 +0000"
    },
    "done": true
  },
  "dyenamics:recipes/misc/bed/fluorescent_bed_frm_white_bed": {
    "criteria": {
      "has_white_bed": "2024-06-27 21:57:02 +0000"
    },
    "done": true
  },
  "supplementaries:recipes/notice_board": {
    "criteria": {
      "minecraft:planks": "2024-06-27 21:50:06 +0000"
    },
    "done": true
  },
  "dyenamics:recipes/misc/bed/persimmon_bed_frm_white_bed": {
    "criteria": {
      "has_white_bed": "2024-06-27 21:57:02 +0000"
    },
    "done": true
  },
  "dyenamics:recipes/misc/banner/honey_banner": {
    "criteria": {
      "has_stick": "2024-06-27 21:51:11 +0000"
    },
    "done": true
  },
  "utilitarian:recipes/misc/snad/drit": {
    "criteria": {
      "has_dirt": "2024-06-27 21:56:41 +0000"
    },
    "done": true
  },
  "twilightforest:recipes/transportation/canopy_boat": {
    "criteria": {
      "in_water": "2024-06-27 21:56:35 +0000"
    },
    "done": true
  },
  "minecraft:recipes/tools/wooden_pickaxe": {
    "criteria": {
      "has_stick": "2024-06-27 21:51:11 +0000"
    },
    "done": true
  },
  "occultism:recipes/spirit_fire/spirit_fire/otherworld_sapling_natural": {
    "criteria": {
      "has_oak_sapling": "2024-06-27 21:57:29 +0000"
    },
    "done": true
  },
  "supplementaries:recipes/flags/flag_cyan": {
    "criteria": {
      "has_stick": "2024-06-27 21:51:11 +0000"
    },
    "done": true
  },
  "biomesoplenty:recipes/transportation/palm_boat": {
    "criteria": {
      "in_water": "2024-06-27 21:56:35 +0000"
    },
    "done": true
  },
  "additionallanterns:recipes/misc/normal_lantern_cyan": {
    "criteria": {
      "recipe_condition": "2024-06-27 21:56:04 +0000"
    },
    "done": true
  },
  "ironfurnaces:coal": {
    "criteria": {
      "rainbowcoal": "2024-06-27 21:47:02 +0000"
    },
    "done": true
  },
  "minecraft:recipes/redstone/spruce_trapdoor": {
    "criteria": {
      "has_planks": "2024-06-27 21:54:53 +0000"
    },
    "done": true
  },
  "additionallanterns:recipes/misc/normal_lantern_brown": {
    "criteria": {
      "recipe_condition": "2024-06-27 21:56:04 +0000"
    },
    "done": true
  },
  "farmersdelight:recipes/building_blocks/organic_compost_from_rotten_flesh": {
    "criteria": {
      "has_rotten_flesh": "2024-06-27 21:48:46 +0000"
    },
    "done": true
  },
  "domum_ornamentum:recipes/building_blocks/blockbarreldeco_standing": {
    "criteria": {
      "has_planks": "2024-06-27 21:50:06 +0000"
    },
    "done": true
  },
  "dyenamics:recipes/misc/bed/cherenkov_bed_frm_white_bed": {
    "criteria": {
      "has_white_bed": "2024-06-27 21:57:02 +0000"
    },
    "done": true
  },
  "utilitarian:recipes/misc/utility/oak_logs_to_trapdoors": {
    "criteria": {
      "has_log": "2024-06-27 21:50:05 +0000"
    },
    "done": true
  },
  "corail_woodcutter:recipes/from_birch_planks": {
    "criteria": {
      "has_ingredient": "2024-06-27 21:47:02 +0000"
    },
    "done": true
  },
  "utilitarian:recipes/misc/utility/oak_logs_to_slabs": {
    "criteria": {
      "has_log": "2024-06-27 21:50:05 +0000"
    },
    "done": true
  },
  "minecraft:husbandry/balanced_diet": {
    "criteria": {
      "apple": "2024-06-27 22:00:00 +0000"
    },
    "done": false
  },
  "corail_woodcutter:recipes/from_bamboo_planks": {
    "criteria": {
      "has_ingredient": "2024-06-27 21:47:02 +0000"
    },
    "done": true
  },
  "dyenamics:recipes/misc/bed/navy_bed_frm_white_bed": {
    "criteria": {
      "has_white_bed": "2024-06-27 21:57:02 +0000"
    },
    "done": true
  },
  "allthecompressed:recipes/building_blocks/compress/oak_planks_1x": {
    "criteria": {
      "has_oak_planks": "2024-06-27 21:50:06 +0000"
    },
    "done": true
  },
  "supplementaries:recipes/flags/flag_orange": {
    "criteria": {
      "has_stick": "2024-06-27 21:51:11 +0000"
    },
    "done": true
  },
  "immersiveengineering:recipes/misc/crafting/torch": {
    "criteria": {
      "has_stick": "2024-06-27 21:51:11 +0000"
    },
    "done": true
  },
  "domum_ornamentum:recipes/tools/architectscutter": {
    "criteria": {
      "has_log": "2024-06-27 21:50:05 +0000"
    },
    "done": true
  },
  "minecraft:recipes/transportation/bamboo_raft": {
    "criteria": {
      "in_water": "2024-06-27 21:56:35 +0000"
    },
    "done": true
  },
  "dyenamics:recipes/misc/bed/amber_bed": {
    "criteria": {
      "has_plank": "2024-06-27 21:50:06 +0000"
    },
    "done": true
  },
  "corail_woodcutter:recipes/biomesoplenty/from_redwood_planks": {
    "criteria": {
      "has_ingredient": "2024-06-27 21:47:02 +0000"
    },
    "done": true
  },
  "tombstone:adventure/first_knowledge": {
    "criteria": {
      "coded_trigger": "2024-06-27 21:52:02 +0000"
    },
    "done": true
  },
  "additionallanterns:recipes/misc/normal_lantern_purple": {
    "criteria": {
      "recipe_condition": "2024-06-27 21:56:04 +0000"
    },
    "done": true
  },
  "croptopia:recipes/misc/apple_sapling": {
    "criteria": {
      "has_apple": "2024-06-27 21:59:57 +0000"
    },
    "done": true
  },
  "create:recipes/building_blocks/spruce_window": {
    "criteria": {
      "has_ingredient": "2024-06-27 21:54:53 +0000"
    },
    "done": true
  },
  "utilitarian:recipes/misc/utility/logs_to_bowls": {
    "criteria": {
      "has_log": "2024-06-27 21:50:05 +0000"
    },
    "done": true
  },
  "dyenamics:recipes/misc/banner/maroon_banner": {
    "criteria": {
      "has_stick": "2024-06-27 21:51:11 +0000"
    },
    "done": true
  },
  "dyenamics:recipes/misc/bed/mint_bed_frm_white_bed": {
    "criteria": {
      "has_white_bed": "2024-06-27 21:57:02 +0000"
    },
    "done": true
  },
  "minecraft:recipes/redstone/spruce_pressure_plate": {
    "criteria": {
      "has_planks": "2024-06-27 21:54:53 +0000"
    },
    "done": true
  },
  "ae2wtlib:recipes/wireless_universal_terminal/upgrade_pattern_encoding": {
    "criteria": {
      "has_wpt": "2024-06-27 21:47:02 +0000"
    },
    "done": true
  },
  "dyenamics:recipes/misc/bed/ultramarine_bed_frm_white_bed": {
    "criteria": {
      "has_white_bed": "2024-06-27 21:57:02 +0000"
    },
    "done": true
  },
  "minecraft:recipes/misc/charcoal": {
    "criteria": {
      "has_log": "2024-06-27 21:50:05 +0000"
    },
    "done": true
  },
  "corail_woodcutter:recipes/from_bamboo_mosaic": {
    "criteria": {
      "has_ingredient": "2024-06-27 21:47:02 +0000"
    },
    "done": true
  },
  "dyenamics:recipes/misc/banner/cherenkov_banner": {
    "criteria": {
      "has_stick": "2024-06-27 21:51:11 +0000"
    },
    "done": true
  },
  "apotheosis:affix/gem": {
    "criteria": {
      "gem": "2024-06-27 21:54:31 +0000"
    },
    "done": true
  },
  "dyenamics:recipes/misc/banner/peach_banner": {
    "criteria": {
      "has_stick": "2024-06-27 21:51:11 +0000"
    },
    "done": true
  },
  "dyenamics:recipes/misc/bed/icy_blue_bed": {
    "criteria": {
      "has_plank": "2024-06-27 21:50:06 +0000"
    },
    "done": true
  },
  "utilitarian:recipes/misc/utility/oak_logs_to_pressure_plates": {
    "criteria": {
      "has_log": "2024-06-27 21:50:05 +0000"
    },
    "done": true
  },
  "minecraft:recipes/tools/wooden_shovel": {
    "criteria": {
      "has_stick": "2024-06-27 21:51:11 +0000"
    },
    "done": true
  },
  "supplementaries:recipes/clock_block": {
    "criteria": {
      "minecraft:planks": "2024-06-27 21:50:06 +0000"
    },
    "done": true
  },
  "apotheosis:affix/rare_gem": {
    "criteria": {
      "gem": "2024-06-27 21:54:37 +0000"
    },
    "done": true
  },
  "utilitix:recipes/misc/hand_bell": {
    "criteria": {
      "criterion0": "2024-06-27 21:51:11 +0000"
    },
    "done": true
  },
  "utilitarian:recipes/misc/utility/oak_logs_to_doors": {
    "criteria": {
      "has_log": "2024-06-27 21:50:05 +0000"
    },
    "done": true
  },
  "dyenamics:recipes/misc/bed/navy_bed": {
    "criteria": {
      "has_plank": "2024-06-27 21:50:06 +0000"
    },
    "done": true
  },
  "tombstone:adventure/root": {
    "criteria": {
      "auto": "2024-06-27 21:45:54 +0000"
    },
    "done": true
  },
  "dyenamics:recipes/misc/bed/peach_bed": {
    "criteria": {
      "has_plank": "2024-06-27 21:50:06 +0000"
    },
    "done": true
  },
  "silentgear:recipes/misc/upgrade_base": {
    "criteria": {
      "has_item": "2024-06-27 21:50:06 +0000"
    },
    "done": true
  },
  "dyenamics:recipes/misc/banner/conifer_banner": {
    "criteria": {
      "has_stick": "2024-06-27 21:51:11 +0000"
    },
    "done": true
  },
  "dyenamics:recipes/misc/banner/fluorescent_banner": {
    "criteria": {
      "has_stick": "2024-06-27 21:51:11 +0000"
    },
    "done": true
  },
  "corail_woodcutter:recipes/biomesoplenty/from_hellbark_planks": {
    "criteria": {
      "has_ingredient": "2024-06-27 21:47:02 +0000"
    },
    "done": true
  },
  "allthecompressed:recipes/building_blocks/compress/spruce_planks_1x": {
    "criteria": {
      "has_spruce_planks": "2024-06-27 21:54:53 +0000"
    },
    "done": true
  },
  "supplementaries:recipes/flower_box": {
    "criteria": {
      "has_dirt": "2024-06-27 21:56:41 +0000"
    },
    "done": true
  },
  "corail_woodcutter:recipes/from_cherry_planks": {
    "criteria": {
      "has_ingredient": "2024-06-27 21:47:02 +0000"
    },
    "done": true
  },
  "forbidden_arcanus:recipes/building_blocks/edelwood_ladder": {
    "criteria": {
      "has_rods/wooden": "2024-06-27 21:51:11 +0000"
    },
    "done": true
  },
  "croptopia:recipes/misc/apple_pie": {
    "criteria": {
      "has_apple": "2024-06-27 21:59:57 +0000"
    },
    "done": true
  },
  "additionallanterns:recipes/misc/normal_lantern_yellow": {
    "criteria": {
      "recipe_condition": "2024-06-27 21:56:04 +0000"
    },
    "done": true
  },
  "biomesoplenty:biomesoplenty/all_biomes": {
    "criteria": {
      "cold_desert": "2024-06-27 21:56:31 +0000",
      "coniferous_forest": "2024-06-27 21:51:48 +0000",
      "snowy_coniferous_forest": "2024-06-27 22:00:30 +0000"
    },
    "done": false
  },
  "minecraft:recipes/building_blocks/oak_stairs": {
    "criteria": {
      "has_planks": "2024-06-27 21:50:06 +0000"
    },
    "done": true
  },
  "minecraft:recipes/decorations/oak_fence": {
    "criteria": {
      "has_planks": "2024-06-27 21:50:06 +0000"
    },
    "done": true
  },
  "dyenamics:recipes/misc/bed/bubblegum_bed_frm_white_bed": {
    "criteria": {
      "has_white_bed": "2024-06-27 21:57:02 +0000"
    },
    "done": true
  },
  "enderio:recipes/misc/stick": {
    "criteria": {
      "has_ingredient": "2024-06-27 21:50:05 +0000"
    },
    "done": true
  },
  "dyenamics:recipes/misc/bed/maroon_bed_frm_white_bed": {
    "criteria": {
      "has_white_bed": "2024-06-27 21:57:02 +0000"
    },
    "done": true
  },
  "supplementaries:recipes/speaker_block": {
    "criteria": {
      "minecraft:planks": "2024-06-27 21:50:06 +0000"
    },
    "done": true
  },
  "dyenamics:recipes/misc/banner/spring_green_banner": {
    "criteria": {
      "has_stick": "2024-06-27 21:51:11 +0000"
    },
    "done": true
  },
  "minecraft:recipes/transportation/birch_boat": {
    "criteria": {
      "in_water": "2024-06-27 21:56:35 +0000"
    },
    "done": true
  },
  "minecraft:recipes/transportation/oak_boat": {
    "criteria": {
      "in_water": "2024-06-27 21:56:35 +0000"
    },
    "done": true
  },
  "corail_woodcutter:recipes/biomesoplenty/from_willow_planks": {
    "criteria": {
      "has_ingredient": "2024-06-27 21:47:02 +0000"
    },
    "done": true
  },
  "dyenamics:recipes/misc/banner/ultramarine_banner": {
    "criteria": {
      "has_stick": "2024-06-27 21:51:11 +0000"
    },
    "done": true
  },
  "supplementaries:recipes/flags/flag_blue": {
    "criteria": {
      "has_stick": "2024-06-27 21:51:11 +0000"
    },
    "done": true
  },
  "minecraft:recipes/building_blocks/spruce_planks": {
    "criteria": {
      "has_logs": "2024-06-27 21:54:47 +0000"
    },
    "done": true
  },
  "corail_woodcutter:recipes/biomesoplenty/from_umbran_planks": {
    "criteria": {
      "has_ingredient": "2024-06-27 21:47:02 +0000"
    },
    "done": true
  },
  "corail_woodcutter:recipes/biomesoplenty/from_dead_planks": {
    "criteria": {
      "has_ingredient": "2024-06-27 21:47:02 +0000"
    },
    "done": true
  },
  "farmersdelight:main/root": {
    "criteria": {
      "seeds": "2024-06-27 21:47:02 +0000"
    },
    "done": true
  },
  "croptopia:recipes/documentation": {
    "criteria": {
      "has_crop": "2024-06-27 21:53:01 +0000"
    },
    "done": true
  },
  "corail_woodcutter:recipes/from_crimson_planks": {
    "criteria": {
      "has_ingredient": "2024-06-27 21:47:02 +0000"
    },
    "done": true
  },
  "dyenamics:recipes/misc/bed/conifer_bed_frm_white_bed": {
    "criteria": {
      "has_white_bed": "2024-06-27 21:57:02 +0000"
    },
    "done": true
  },
  "supplementaries:recipes/flags/flag_light_gray": {
    "criteria": {
      "has_stick": "2024-06-27 21:51:11 +0000"
    },
    "done": true
  },
  "minecraft:adventure/adventuring_time": {
    "criteria": {
      "minecraft:snowy_slopes": "2024-06-27 21:59:04 +0000",
      "minecraft:snowy_plains": "2024-06-27 21:56:25 +0000",
      "minecraft:meadow": "2024-06-27 21:50:51 +0000",
      "minecraft:plains": "2024-06-27 21:45:54 +0000"
    },
    "done": false
  },
  "supplementaries:recipes/pulley": {
    "criteria": {
      "minecraft:planks": "2024-06-27 21:50:06 +0000"
    },
    "done": true
  },
  "farmersdelight:recipes/decorations/cutting_board": {
    "criteria": {
      "has_stick": "2024-06-27 21:51:11 +0000"
    },
    "done": true
  },
  "minecraft:story/root": {
    "criteria": {
      "crafting_table": "2024-06-27 21:50:36 +0000"
    },
    "done": true
  },
  "croptopia:recipes/paprika": {
    "criteria": {
      "has_chile_peppers": "2024-06-27 21:53:01 +0000"
    },
    "done": true
  },
  "supplementaries:recipes/flags/flag_lime": {
    "criteria": {
      "has_stick": "2024-06-27 21:51:11 +0000"
    },
    "done": true
  },
  "minecraft:recipes/decorations/ladder": {
    "criteria": {
      "has_stick": "2024-06-27 21:51:11 +0000"
    },
    "done": true
  },
  "croptopia:recipes/misc/apple_juice": {
    "criteria": {
      "has_apple": "2024-06-27 21:59:57 +0000"
    },
    "done": true
  },
  "deeperdarker:recipes/transportation/echo_boat": {
    "criteria": {
      "in_water": "2024-06-27 21:56:35 +0000"
    },
    "done": true
  },
  "dyenamics:recipes/misc/banner/amber_banner": {
    "criteria": {
      "has_stick": "2024-06-27 21:51:11 +0000"
    },
    "done": true
  },
  "paraglider:root": {
    "criteria": {
      "crafting_table": "2024-06-27 21:50:36 +0000"
    },
    "done": true
  },
  "reliquary:recipes/misc/mob_charm_fragments/zombified_piglin": {
    "criteria": {
      "has_zombie_heart": "2024-06-27 21:48:48 +0000"
    },
    "done": true
  },
  "create:root": {
    "criteria": {
      "0": "2024-06-27 21:47:02 +0000"
    },
    "done": true
  },
  "minecraft:recipes/tools/wooden_axe": {
    "criteria": {
      "has_stick": "2024-06-27 21:51:11 +0000"
    },
    "done": true
  },
  "ae2wtlib:recipes/wireless_universal_terminal/upgrade_pattern_access": {
    "criteria": {
      "has_wit": "2024-06-27 21:47:02 +0000"
    },
    "done": true
  },
  "dyenamics:recipes/misc/bed/bubblegum_bed": {
    "criteria": {
      "has_plank": "2024-06-27 21:50:06 +0000"
    },
    "done": true
  },
  "minecraft:recipes/misc/stick": {
    "criteria": {
      "has_planks": "2024-06-27 21:50:06 +0000"
    },
    "done": true
  },
  "minecraft:recipes/transportation/cherry_boat": {
    "criteria": {
      "in_water": "2024-06-27 21:56:35 +0000"
    },
    "done": true
  },
  "corail_woodcutter:recipes/from_acacia_planks": {
    "criteria": {
      "has_ingredient": "2024-06-27 21:47:02 +0000"
    },
    "done": true
  },
  "additionallanterns:recipes/misc/normal_lantern_blue": {
    "criteria": {
      "recipe_condition": "2024-06-27 21:56:04 +0000"
    },
    "done": true
  },
  "utilitix:recipes/misc/weak_redstone_torch": {
    "criteria": {
      "criterion1": "2024-06-27 21:51:11 +0000"
    },
    "done": true
  },
  "additionallanterns:recipes/misc/normal_lantern_lime": {
    "criteria": {
      "recipe_condition": "2024-06-27 21:56:04 +0000"
    },
    "done": true
  },
  "corail_woodcutter:recipes/from_dark_oak_planks": {
    "criteria": {
      "has_ingredient": "2024-06-27 21:47:02 +0000"
    },
    "done": true
  },
  "supplementaries:recipes/daub_cross_brace": {
    "criteria": {
      "forge:rods/wooden": "2024-06-27 21:51:11 +0000"
    },
    "done": true
  },
  "minecraft:recipes/redstone/spruce_button": {
    "criteria": {
      "has_planks": "2024-06-27 21:54:53 +0000"
    },
    "done": true
  },
  "corail_woodcutter:recipes/from_jungle_planks": {
    "criteria": {
      "has_ingredient": "2024-06-27 21:47:02 +0000"
    },
    "done": true
  },
  "minecraft:recipes/decorations/campfire": {
    "criteria": {
      "has_stick": "2024-06-27 21:51:11 +0000"
    },
    "done": true
  },
  "additionallanterns:recipes/misc/normal_lantern_white": {
    "criteria": {
      "recipe_condition": "2024-06-27 21:56:04 +0000"
    },
    "done": true
  },
  "additionallanterns:recipes/misc/normal_lantern_green": {
    "criteria": {
      "recipe_condition": "2024-06-27 21:56:04 +0000"
    },
    "done": true
  },
  "utilitarian:recipes/misc/no_soliciting/no_soliciting_banner": {
    "criteria": {
      "has_stick": "2024-06-27 21:51:11 +0000"
    },
    "done": true
  },
  "utilitarian:recipes/misc/utility/spruce_logs_to_trapdoors": {
    "criteria": {
      "has_log": "2024-06-27 21:54:47 +0000"
    },
    "done": true
  },
  "rftoolsbase:recipes/rftoolsbase/crafting_card": {
    "criteria": {
      "crafter": "2024-06-27 21:50:36 +0000"
    },
    "done": true
  },
  "utilitarian:recipes/misc/utility/oak_logs_to_stairs": {
    "criteria": {
      "has_log": "2024-06-27 21:50:05 +0000"
    },
    "done": true
  },
  "supplementaries:recipes/timber_brace": {
    "criteria": {
      "forge:rods/wooden": "2024-06-27 21:51:11 +0000"
    },
    "done": true
  },
  "ae2wtlib:recipes/wireless_pattern_access_terminal": {
    "criteria": {
      "has_wt": "2024-06-27 21:47:02 +0000"
    },
    "done": true
  },
  "biomesoplenty:biomesoplenty/root": {
    "criteria": {
      "coniferous_forest": "2024-06-27 21:51:48 +0000"
    },
    "done": true
  },
  "dyenamics:recipes/misc/bed/lavender_bed": {
    "criteria": {
      "has_plank": "2024-06-27 21:50:06 +0000"
    },
    "done": true
  },
  "dyenamics:recipes/misc/bed/conifer_bed": {
    "criteria": {
      "has_plank": "2024-06-27 21:50:06 +0000"
    },
    "done": true
  },
  "croptopia:gather_all": {
    "criteria": {
      "chile_pepper_seed": "2024-06-27 21:53:00 +0000"
    },
    "done": false
  },
  "corail_woodcutter:recipes/biomesoplenty/from_mahogany_planks": {
    "criteria": {
      "has_ingredient": "2024-06-27 21:47:02 +0000"
    },
    "done": true
  },
  "naturescompass:natures_compass_sapling": {
    "criteria": {
      "has_recipe": "2024-06-27 21:50:05 +0000"
    },
    "done": true
  },
  "dyenamics:recipes/misc/banner/aquamarine_banner": {
    "criteria": {
      "has_stick": "2024-06-27 21:51:11 +0000"
    },
    "done": true
  },
  "paraglider:recipes/misc/paraglider": {
    "criteria": {
      "has_stick": "2024-06-27 21:51:11 +0000"
    },
    "done": true
  },
  "minecraft:recipes/transportation/acacia_boat": {
    "criteria": {
      "in_water": "2024-06-27 21:56:35 +0000"
    },
    "done": true
  },
  "supplementaries:recipes/flags/flag_black": {
    "criteria": {
      "has_stick": "2024-06-27 21:51:11 +0000"
    },
    "done": true
  },
  "minecraft:recipes/building_blocks/oak_planks": {
    "criteria": {
      "has_logs": "2024-06-27 21:50:05 +0000"
    },
    "done": true
  },
  "utilitarian:recipes/misc/utility/oak_logs_to_boats": {
    "criteria": {
      "has_log": "2024-06-27 21:50:05 +0000"
    },
    "done": true
  },
  "supplementaries:recipes/flags/flag_purple": {
    "criteria": {
      "has_stick": "2024-06-27 21:51:11 +0000"
    },
    "done": true
  },
  "dyenamics:recipes/misc/bed/maroon_bed": {
    "criteria": {
      "has_plank": "2024-06-27 21:50:06 +0000"
    },
    "done": true
  },
  "dyenamics:recipes/misc/banner/wine_banner": {
    "criteria": {
      "has_stick": "2024-06-27 21:51:11 +0000"
    },
    "done": true
  },
  "minecraft:recipes/transportation/jungle_boat": {
    "criteria": {
      "in_water": "2024-06-27 21:56:35 +0000"
    },
    "done": true
  },
  "farmersdelight:recipes/cooking/dog_food": {
    "criteria": {
      "has_any_ingredient": "2024-06-27 21:48:46 +0000"
    },
    "done": true
  },
  "twilightforest:recipes/transportation/mining_boat": {
    "criteria": {
      "in_water": "2024-06-27 21:56:35 +0000"
    },
    "done": true
  },
  "utilitarian:recipes/misc/utility/spruce_logs_to_pressure_plates": {
    "criteria": {
      "has_log": "2024-06-27 21:54:47 +0000"
    },
    "done": true
  },
  "corail_woodcutter:recipes/biomesoplenty/from_magic_planks": {
    "criteria": {
      "has_ingredient": "2024-06-27 21:47:02 +0000"
    },
    "done": true
  },
  "utilitarian:recipes/misc/utility/spruce_logs_to_doors": {
    "criteria": {
      "has_log": "2024-06-27 21:54:47 +0000"
    },
    "done": true
  },
  "minecraft:recipes/redstone/oak_trapdoor": {
    "criteria": {
      "has_planks": "2024-06-27 21:50:06 +0000"
    },
    "done": true
  },
  "naturesaura:positive_imbalance": {
    "criteria": {
      "triggered_in_code": "2024-06-27 21:50:12 +0000"
    },
    "done": true
  },
  "croptopia:recipes/pepperoni": {
    "criteria": {
      "has_pepper": "2024-06-27 21:53:01 +0000"
    },
    "done": true
  },
  "sophisticatedstorage:recipes/misc/oak_limited_barrel_1": {
    "criteria": {
      "has_oak_plank": "2024-06-27 21:50:06 +0000"
    },
    "done": true
  },
  "sophisticatedstorage:recipes/misc/oak_limited_barrel_2": {
    "criteria": {
      "has_oak_plank": "2024-06-27 21:50:06 +0000"
    },
    "done": true
  },
  "sophisticatedstorage:recipes/misc/oak_limited_barrel_3": {
    "criteria": {
      "has_oak_plank": "2024-06-27 21:50:06 +0000"
    },
    "done": true
  },
  "sophisticatedstorage:recipes/misc/oak_limited_barrel_4": {
    "criteria": {
      "has_oak_plank": "2024-06-27 21:50:06 +0000"
    },
    "done": true
  },
  "sophisticatedstorage:recipes/misc/spruce_chest": {
    "criteria": {
      "has_spruce_plank": "2024-06-27 21:54:53 +0000"
    },
    "done": true
  },
  "additionallanterns:recipes/misc/normal_lantern_light_blue": {
    "criteria": {
      "recipe_condition": "2024-06-27 21:56:04 +0000"
    },
    "done": true
  },
  "supplementaries:recipes/flags/flag_gray": {
    "criteria": {
      "has_stick": "2024-06-27 21:51:11 +0000"
    },
    "done": true
  },
  "supplementaries:recipes/faucet": {
    "criteria": {
      "forge:rods/wooden": "2024-06-27 21:51:11 +0000"
    },
    "done": true
  },
  "dyenamics:recipes/misc/bed/honey_bed": {
    "criteria": {
      "has_plank": "2024-06-27 21:50:06 +0000"
    },
    "done": true
  },
  "supplementaries:recipes/bed_from_feather_block": {
    "criteria": {
      "minecraft:planks": "2024-06-27 21:50:06 +0000"
    },
    "done": true
  },
  "biomesoplenty:recipes/transportation/fir_boat": {
    "criteria": {
      "in_water": "2024-06-27 21:56:35 +0000"
    },
    "done": true
  },
  "utilitix:recipes/misc/highspeed_rail": {
    "criteria": {
      "criterion1": "2024-06-27 21:51:11 +0000"
    },
    "done": true
  },
  "dyenamics:recipes/misc/bed/aquamarine_bed_frm_white_bed": {
    "criteria": {
      "has_white_bed": "2024-06-27 21:57:02 +0000"
    },
    "done": true
  },
  "minecraft:recipes/building_blocks/spruce_wood": {
    "criteria": {
      "has_log": "2024-06-27 21:54:47 +0000"
    },
    "done": true
  },
  "additionallanterns:recipes/misc/normal_lantern_colorless": {
    "criteria": {
      "recipe_condition": "2024-06-27 21:56:04 +0000"
    },
    "done": true
  },
  "supplementaries:recipes/decorations/sign_post_spruce": {
    "criteria": {
      "has_planks": "2024-06-27 21:54:53 +0000"
    },
    "done": true
  },
  "supplementaries:recipes/flags/flag_light_blue": {
    "criteria": {
      "has_stick": "2024-06-27 21:51:11 +0000"
    },
    "done": true
  },
  "minecraft:recipes/transportation/spruce_boat": {
    "criteria": {
      "in_water": "2024-06-27 21:56:35 +0000"
    },
    "done": true
  },
  "minecraft:recipes/transportation/mangrove_boat": {
    "criteria": {
      "in_water": "2024-06-27 21:56:35 +0000"
    },
    "done": true
  },
  "supplementaries:recipes/daub_brace": {
    "criteria": {
      "forge:rods/wooden": "2024-06-27 21:51:11 +0000"
    },
    "done": true
  },
  "dyenamics:recipes/misc/banner/rose_banner": {
    "criteria": {
      "has_stick": "2024-06-27 21:51:11 +0000"
    },
    "done": true
  },
  "dyenamics:recipes/misc/bed/persimmon_bed": {
    "criteria": {
      "has_plank": "2024-06-27 21:50:06 +0000"
    },
    "done": true
  },
  "biomesoplenty:recipes/transportation/hellbark_boat": {
    "criteria": {
      "in_water": "2024-06-27 21:56:35 +0000"
    },
    "done": true
  },
  "biomesoplenty:recipes/transportation/jacaranda_boat": {
    "criteria": {
      "in_water": "2024-06-27 21:56:35 +0000"
    },
    "done": true
  },
  "corail_woodcutter:recipes/from_warped_planks": {
    "criteria": {
      "has_ingredient": "2024-06-27 21:47:02 +0000"
    },
    "done": true
  },
  "tombstone:adventure/ambush": {
    "criteria": {
      "coded_trigger": "2024-06-27 21:52:02 +0000"
    },
    "done": true
  },
  "corail_woodcutter:recipes/biomesoplenty/from_jacaranda_planks": {
    "criteria": {
      "has_ingredient": "2024-06-27 21:47:02 +0000"
    },
    "done": true
  },
  "additionallanterns:recipes/misc/normal_lantern_orange": {
    "criteria": {
      "recipe_condition": "2024-06-27 21:56:04 +0000"
    },
    "done": true
  },
  "dyenamics:recipes/misc/bed/wine_bed": {
    "criteria": {
      "has_plank": "2024-06-27 21:50:06 +0000"
    },
    "done": true
  },
  "minecraft:recipes/redstone/oak_pressure_plate": {
    "criteria": {
      "has_planks": "2024-06-27 21:50:06 +0000"
    },
    "done": true
  },
  "dyenamics:recipes/misc/bed/icy_blue_bed_frm_white_bed": {
    "criteria": {
      "has_white_bed": "2024-06-27 21:57:02 +0000"
    },
    "done": true
  },
  "dyenamics:recipes/misc/bed/spring_green_bed_frm_white_bed": {
    "criteria": {
      "has_white_bed": "2024-06-27 21:57:02 +0000"
    },
    "done": true
  },
  "dyenamics:recipes/misc/banner/icy_blue_banner": {
    "criteria": {
      "has_stick": "2024-06-27 21:51:11 +0000"
    },
    "done": true
  },
  "supplementaries:recipes/flags/flag_red": {
    "criteria": {
      "has_stick": "2024-06-27 21:51:11 +0000"
    },
    "done": true
  },
  "minecraft:adventure/kill_a_mob": {
    "criteria": {
      "minecraft:zombie": "2024-06-27 21:48:05 +0000"
    },
    "done": true
  },
  "dyenamics:recipes/misc/bed/rose_bed": {
    "criteria": {
      "has_plank": "2024-06-27 21:50:06 +0000"
    },
    "done": true
  },
  "twilightforest:recipes/transportation/sorting_boat": {
    "criteria": {
      "in_water": "2024-06-27 21:56:35 +0000"
    },
    "done": true
  },
  "dyenamics:recipes/misc/bed/spring_green_bed": {
    "criteria": {
      "has_plank": "2024-06-27 21:50:06 +0000"
    },
    "done": true
  },
  "minecraft:recipes/transportation/dark_oak_boat": {
    "criteria": {
      "in_water": "2024-06-27 21:56:35 +0000"
    },
    "done": true
  },
  "dyenamics:recipes/misc/bed/ultramarine_bed": {
    "criteria": {
      "has_plank": "2024-06-27 21:50:06 +0000"
    },
    "done": true
  },
  "supplementaries:recipes/crank": {
    "criteria": {
      "forge:rods/wooden": "2024-06-27 21:51:11 +0000"
    },
    "done": true
  },
  "minecraft:recipes/decorations/oak_sign": {
    "criteria": {
      "has_planks": "2024-06-27 21:50:06 +0000"
    },
    "done": true
  },
  "ae2wtlib:recipes/magnet_card": {
    "criteria": {
      "has_wct": "2024-06-27 21:47:02 +0000"
    },
    "done": true
  },
  "tombstone:recipes/from_grave_key": {
    "criteria": {
      "has_ingredient": "2024-06-27 21:47:02 +0000"
    },
    "done": true
  },
  "supplementaries:recipes/lock_block": {
    "criteria": {
      "minecraft:planks": "2024-06-27 21:50:06 +0000"
    },
    "done": true
  },
  "create:recipes/misc/crafting/appliances/crafting_blueprint": {
    "criteria": {
      "has_item": "2024-06-27 21:50:36 +0000"
    },
    "done": true
  },
  "additionallanterns:recipes/misc/normal_lantern_gray": {
    "criteria": {
      "recipe_condition": "2024-06-27 21:56:04 +0000"
    },
    "done": true
  },
  "naturescompass:natures_compass": {
    "criteria": {
      "has_recipe": "2024-06-27 21:50:05 +0000"
    },
    "done": true
  },
  "dyenamics:recipes/misc/bed/peach_bed_frm_white_bed": {
    "criteria": {
      "has_white_bed": "2024-06-27 21:57:02 +0000"
    },
    "done": true
  },
  "corail_woodcutter:recipes/biomesoplenty/from_palm_planks": {
    "criteria": {
      "has_ingredient": "2024-06-27 21:47:02 +0000"
    },
    "done": true
  },
  "minecraft:adventure/kill_all_mobs": {
    "criteria": {
      "minecraft:pillager": "2024-06-27 21:52:02 +0000",
      "minecraft:zombie": "2024-06-27 21:48:05 +0000"
    },
    "done": false
  },
  "biomesoplenty:recipes/transportation/umbran_boat": {
    "criteria": {
      "in_water": "2024-06-27 21:56:35 +0000"
    },
    "done": true
  },
  "tombstone:adventure/cancel_ghostly_shape": {
    "criteria": {
      "coded_trigger": "2024-06-27 21:54:30 +0000"
    },
    "done": true
  },
  "minecraft:recipes/decorations/spruce_fence": {
    "criteria": {
      "has_planks": "2024-06-27 21:54:53 +0000"
    },
    "done": true
  },
  "dyenamics:recipes/misc/bed/lavender_bed_frm_white_bed": {
    "criteria": {
      "has_white_bed": "2024-06-27 21:57:02 +0000"
    },
    "done": true
  },
  "allthecompressed:recipes/building_blocks/compress/dirt_1x": {
    "criteria": {
      "has_dirt": "2024-06-27 21:56:41 +0000"
    },
    "done": true
  },
  "dyenamics:recipes/misc/bed/mint_bed": {
    "criteria": {
      "has_plank": "2024-06-27 21:50:06 +0000"
    },
    "done": true
  },
  "supplementaries:recipes/sign_post_spruce": {
    "criteria": {
      "has_the_recipe": "2024-06-27 21:54:53 +0000"
    },
    "done": true
  },
  "supplementaries:adventure/way_sign": {
    "criteria": {
      "bastion": "2024-06-27 21:55:37 +0000"
    },
    "done": true
  },
  "supplementaries:recipes/flags/flag_pink": {
    "criteria": {
      "has_stick": "2024-06-27 21:51:11 +0000"
    },
    "done": true
  },
  "ae2wtlib:recipes/wireless_universal_terminal/ce": {
    "criteria": {
      "has_wpt": "2024-06-27 21:47:02 +0000",
      "has_wct": "2024-06-27 21:47:02 +0000"
    },
    "done": true
  },
  "ae2wtlib:recipes/wireless_universal_terminal/ca": {
    "criteria": {
      "has_wit": "2024-06-27 21:47:02 +0000",
      "has_wct": "2024-06-27 21:47:02 +0000"
    },
    "done": true
  },
  "supplementaries:recipes/timber_frame": {
    "criteria": {
      "forge:rods/wooden": "2024-06-27 21:51:11 +0000"
    },
    "done": true
  },
  "minecraft:recipes/tools/wooden_hoe": {
    "criteria": {
      "has_stick": "2024-06-27 21:51:11 +0000"
    },
    "done": true
  },
  "ae2wtlib:recipes/wireless_universal_terminal/ae": {
    "criteria": {
      "has_wit": "2024-06-27 21:47:02 +0000",
      "has_wpt": "2024-06-27 21:47:02 +0000"
    },
    "done": true
  },
  "botania:recipes/tools/lexicon": {
    "criteria": {
      "has_item": "2024-06-27 21:57:29 +0000"
    },
    "done": true
  },
  "sophisticatedstorage:recipes/misc/oak_chest": {
    "criteria": {
      "has_oak_plank": "2024-06-27 21:50:06 +0000"
    },
    "done": true
  },
  "minecraft:recipes/redstone/oak_fence_gate": {
    "criteria": {
      "has_planks": "2024-06-27 21:50:06 +0000"
    },
    "done": true
  },
  "naturescompass:natures_compass_log": {
    "criteria": {
      "has_log": "2024-06-27 21:50:05 +0000"
    },
    "done": true
  },
  "sliceanddice:recipes/misc/slicer": {
    "criteria": {
      "has_tool": "2024-06-27 22:00:52 +0000"
    },
    "done": true
  },
  "enderio:recipes/misc/wood_gear_corner": {
    "criteria": {
      "has_ingredient": "2024-06-27 21:51:11 +0000"
    },
    "done": true
  },
  "supplementaries:recipes/slingshot": {
    "criteria": {
      "forge:rods/wooden": "2024-06-27 21:51:11 +0000"
    },
    "done": true
  },
  "dyenamics:recipes/misc/bed/fluorescent_bed": {
    "criteria": {
      "has_plank": "2024-06-27 21:50:06 +0000"
    },
    "done": true
  },
  "dyenamics:recipes/misc/banner/lavender_banner": {
    "criteria": {
      "has_stick": "2024-06-27 21:51:11 +0000"
    },
    "done": true
  },
  "minecraft:adventure/root": {
    "criteria": {
      "killed_by_something": "2024-06-27 21:46:17 +0000"
    },
    "done": true
  },
  "allthecompressed:recipes/building_blocks/compress/oak_log_1x": {
    "criteria": {
      "has_oak_log": "2024-06-27 21:50:05 +0000"
    },
    "done": true
  },
  "minecraft:recipes/decorations/barrel": {
    "criteria": {
      "has_planks": "2024-06-27 21:50:06 +0000"
    },
    "done": true
  },
  "minecraft:recipes/building_blocks/oak_wood": {
    "criteria": {
      "has_log": "2024-06-27 21:50:05 +0000"
    },
    "done": true
  },
  "ae2wtlib:recipes/quantum_bridge_card": {
    "criteria": {
      "has_wit": "2024-06-27 21:47:02 +0000",
      "has_wpt": "2024-06-27 21:47:02 +0000",
      "has_wct": "2024-06-27 21:47:02 +0000"
    },
    "done": true
  },
  "ae2:recipes/misc/network/blocks/crank": {
    "criteria": {
      "has_stick": "2024-06-27 21:51:11 +0000"
    },
    "done": true
  },
  "twilightforest:recipes/transportation/twilight_oak_boat": {
    "criteria": {
      "in_water": "2024-06-27 21:56:35 +0000"
    },
    "done": true
  },
  "twilightforest:recipes/transportation/time_boat": {
    "criteria": {
      "in_water": "2024-06-27 21:56:35 +0000"
    },
    "done": true
  },
  "silentgear:recipes/misc/rough_rod": {
    "criteria": {
      "has_item": "2024-06-27 21:51:11 +0000"
    },
    "done": true
  },
  "dyenamics:recipes/misc/bed/cherenkov_bed": {
    "criteria": {
      "has_plank": "2024-06-27 21:50:06 +0000"
    },
    "done": true
  },
  "dyenamics:recipes/misc/bed/rose_bed_frm_white_bed": {
    "criteria": {
      "has_white_bed": "2024-06-27 21:57:02 +0000"
    },
    "done": true
  },
  "supplementaries:recipes/flags/flag_brown": {
    "criteria": {
      "has_stick": "2024-06-27 21:51:11 +0000"
    },
    "done": true
  },
  "farmersdelight:recipes/combat/flint_knife": {
    "criteria": {
      "has_stick": "2024-06-27 21:51:11 +0000"
    },
    "done": true
  },
  "utilitarian:recipes/misc/utility/spruce_logs_to_boats": {
    "criteria": {
      "has_log": "2024-06-27 21:54:47 +0000"
    },
    "done": true
  },
  "sophisticatedstorage:recipes/misc/oak_barrel": {
    "criteria": {
      "has_oak_plank": "2024-06-27 21:50:06 +0000"
    },
    "done": true
  },
  "utilitarian:recipes/food/utility/charcoal_from_campfire": {
    "criteria": {
      "has_logs": "2024-06-27 21:50:05 +0000"
    },
    "done": true
  },
  "dyenamics:recipes/misc/bed/wine_bed_frm_white_bed": {
    "criteria": {
      "has_white_bed": "2024-06-27 21:57:02 +0000"
    },
    "done": true
  },
  "twilightforest:recipes/transportation/transformation_boat": {
    "criteria": {
      "in_water": "2024-06-27 21:56:35 +0000"
    },
    "done": true
  },
  "additionallanterns:recipes/misc/normal_lantern_pink": {
    "criteria": {
      "recipe_condition": "2024-06-27 21:56:04 +0000"
    },
    "done": true
  },
  "additionallanterns:recipes/misc/normal_lantern_red": {
    "criteria": {
      "recipe_condition": "2024-06-27 21:56:04 +0000"
    },
    "done": true
  },
  "dyenamics:recipes/misc/bed/aquamarine_bed": {
    "criteria": {
      "has_plank": "2024-06-27 21:50:06 +0000"
    },
    "done": true
  },
  "lootr:root": {
    "criteria": {
      "always_true": "2024-06-27 21:45:53 +0000"
    },
    "done": true
  },
  "croptopia:recipes/misc/chile_pepper_seed": {
    "criteria": {
      "has_chile_pepper": "2024-06-27 21:53:01 +0000"
    },
    "done": true
  },
  "minecraft:husbandry/root": {
    "criteria": {
      "consumed_item": "2024-06-27 21:53:04 +0000"
    },
    "done": true
  },
  "minecraft:recipes/building_blocks/spruce_slab": {
    "criteria": {
      "has_planks": "2024-06-27 21:54:53 +0000"
    },
    "done": true
  },
  "cataclysm:root": {
    "criteria": {
      "custom_test_name": "2024-06-27 21:45:53 +0000"
    },
    "done": true
  },
  "minecraft:recipes/redstone/oak_button": {
    "criteria": {
      "has_planks": "2024-06-27 21:50:06 +0000"
    },
    "done": true
  },
  "forbidden_arcanus:recipes/tools/wooden_blacksmith_gavel": {
    "criteria": {
      "has_planks": "2024-06-27 21:50:06 +0000"
    },
    "done": true
  },
  "supplementaries:recipes/daub_frame": {
    "criteria": {
      "forge:rods/wooden": "2024-06-27 21:51:11 +0000"
    },
    "done": true
  },
  "biomesoplenty:recipes/transportation/mahogany_boat": {
    "criteria": {
      "in_water": "2024-06-27 21:56:35 +0000"
    },
    "done": true
  },
  "twilightforest:recipes/transportation/dark_boat": {
    "criteria": {
      "in_water": "2024-06-27 21:56:35 +0000"
    },
    "done": true
  },
  "dyenamics:recipes/misc/banner/mint_banner": {
    "criteria": {
      "has_stick": "2024-06-27 21:51:11 +0000"
    },
    "done": true
  },
  "railcraft:grant_book_on_first_join": {
    "criteria": {
      "tick": "2024-06-27 21:45:53 +0000"
    },
    "done": true
  },
  "supplementaries:recipes/flags/flag_yellow": {
    "criteria": {
      "has_stick": "2024-06-27 21:51:11 +0000"
    },
    "done": true
  },
  "croptopia:recipes/fruit_salad": {
    "criteria": {
      "has_apple": "2024-06-27 21:59:57 +0000"
    },
    "done": true
  },
  "minecraft:recipes/redstone/spruce_door": {
    "criteria": {
      "has_planks": "2024-06-27 21:54:53 +0000"
    },
    "done": true
  },
  "minecraft:recipes/redstone/spruce_fence_gate": {
    "criteria": {
      "has_planks": "2024-06-27 21:54:53 +0000"
    },
    "done": true
  },
  "croptopia:gather_plains": {
    "criteria": {
      "chile_pepper_seed": "2024-06-27 21:53:00 +0000"
    },
    "done": false
  },
  "create:recipes/building_blocks/oak_window": {
    "criteria": {
      "has_ingredient": "2024-06-27 21:50:06 +0000"
    },
    "done": true
  },
  "sophisticatedstorage:recipes/misc/spruce_barrel": {
    "criteria": {
      "has_spruce_plank": "2024-06-27 21:54:53 +0000"
    },
    "done": true
  },
  "occultism:occultism/root": {
    "criteria": {
      "occultism_present": "2024-06-27 21:45:53 +0000"
    },
    "done": true
  },
  "corail_woodcutter:recipes/biomesoplenty/from_fir_planks": {
    "criteria": {
      "has_ingredient": "2024-06-27 21:47:02 +0000"
    },
    "done": true
  },
  "corail_woodcutter:recipes/from_spruce_planks": {
    "criteria": {
      "has_ingredient": "2024-06-27 21:47:02 +0000"
    },
    "done": true
  },
  "minecraft:recipes/building_blocks/spruce_stairs": {
    "criteria": {
      "has_planks": "2024-06-27 21:54:53 +0000"
    },
    "done": true
  },
  "DataVersion": 3465
}